sku_id,category_id,period,qty_total
598294111,672241,2024-11-25,0.8145159443382962
598294111,672241,2024-12-02,0.8143344243011141
598294111,672241,2024-12-09,0.8142675840966658
598294111,672241,2024-12-16,0.31413937606328446
598294111,672241,2024-12-23,0.8140147287241217
598294111,672241,2024-12-30,1.3138824877900555
598294111,672241,2025-01-06,0.813762720048638
598294111,672241,2025-01-13,2.3135916651374946
598294111,672241,2025-01-20,3.313458057931882
598294111,672241,2025-01-27,2.313314367981925
598294111,672241,2025-02-03,1.813153877883239
598294111,672241,2025-02-10,0.8130017718589428
598294111,672241,2025-02-17,0.8128730686528103
598294111,672241,2025-02-24,0.812773733827687
598294111,672241,2025-03-03,0.8127064884161829
598302302,672241,2024-11-25,0.05698800968134627
598302302,672241,2024-12-02,0.057003767669666375
598302302,672241,2024-12-09,0.05702055656191694
598302302,672241,2024-12-16,0.05703821672930591
598302302,672241,2024-12-23,0.5570905474861364
598302302,672241,2024-12-30,0.057078235925081496
598302302,672241,2025-01-06,1.0571002905435352
598302302,672241,2025-01-13,0.057122786108499746
598302302,672241,2025-01-20,0.05714558783422402
598302302,672241,2025-01-27,0.05716864793998268
598302302,672241,2025-02-03,0.057191887249932793
598302302,672241,2025-02-10,1.0571474142985324
598302302,672241,2025-02-17,0.05723355689054678
598302302,672241,2025-02-24,0.05725195958059075
598302302,672241,2025-03-03,0.05727027523777149
599653937,672241,2024-11-25,10.457043013773195
599653937,672241,2024-12-02,1.5356572655931098
599653937,672241,2024-12-09,1.6135137790532819
599653937,672241,2024-12-16,1.1902703421965717
599653937,672241,2024-12-23,1.2660158805678028
599653937,672241,2024-12-30,1.3407263269474785
599653937,672241,2025-01-06,2.4143523811956666
599653937,672241,2025-01-13,2.487042300447643
599653937,672241,2025-01-20,2.058671801090102
599653937,672241,2025-01-27,6.62945787955079
599653937,672241,2025-02-03,1.6987847973304768
599653937,672241,2025-02-10,3.2672895052979567
599653937,672241,2025-02-17,2.3348434448673823
599653937,672241,2025-02-24,2.9013113311227654
599653937,672241,2025-03-03,2.966837996728397
599703217,672241,2024-11-25,4.365007393170063
599703217,672241,2024-12-02,6.365116157150087
599703217,672241,2024-12-09,3.8646074041621623
599703217,672241,2024-12-16,2.8647592829637496
599703217,672241,2024-12-23,1.8644138609594525
599703217,672241,2024-12-30,5.364062682524054
599703217,672241,2025-01-06,2.3642786187056135
599703217,672241,2025-01-13,5.363780320287431
599703217,672241,2025-01-20,2.3642135814661547
599703217,672241,2025-01-27,2.3642580405706504
599703217,672241,2025-02-03,1.8641602786672125
599703217,672241,2025-02-10,1.3640872455410844
599703217,672241,2025-02-17,2.864245504916267
599703217,672241,2025-02-24,0.8640733939699801
599703217,672241,2025-03-03,4.364180441304122
746436995,672241,2024-11-25,0.3586161906358564
746436995,672241,2024-12-02,-0.11940728009124812
746436995,672241,2024-12-09,-0.09769201535067984
746436995,672241,2024-12-16,-0.0762462234050238
746436995,672241,2024-12-23,-0.05506947688507291
746436995,672241,2024-12-30,1.4658643455492322
746436995,672241,2025-01-06,0.9864932011030657
746436995,672241,2025-01-13,0.006843827289954085
746436995,672241,2025-01-20,0.5269525463302727
746436995,672241,2025-01-27,0.046775505146772145
746436995,672241,2025-02-03,0.06633921607245857
746436995,672241,2025-02-10,0.08563542365151022
746436995,672241,2025-02-17,0.604672783817429
746436995,672241,2025-02-24,0.6234331137712992
746436995,672241,2025-03-03,0.14191669888672526
2709580011,672241,2024-11-25,1.3762170713316286
2709580011,672241,2024-12-02,1.3674626482405778
2709580011,672241,2024-12-09,1.3585747794088332
2709580011,672241,2024-12-16,1.354446059424493
2709580011,672241,2024-12-23,1.3482572897898006
2709580011,672241,2024-12-30,1.3434953442866573
2709580011,672241,2025-01-06,1.3445217010407147
2709580011,672241,2025-01-13,1.3440034861840542
2709580011,672241,2025-01-20,1.3407579173214028
2709580011,672241,2025-01-27,1.3418784020338963
2709580011,672241,2025-02-03,1.9025557328393121
2709580011,672241,2025-02-10,1.3534803628033514
2709580011,672241,2025-02-17,1.910602504677514
2709580011,672241,2025-02-24,1.9127928209515552
2709580011,672241,2025-03-03,2.8096645442704036
2709580215,672241,2024-11-25,2.0519457632517457
2709580215,672241,2024-12-02,1.0549667839097292
2709580215,672241,2024-12-09,1.5557618075005908
2709580215,672241,2024-12-16,1.558181292242179
2709580215,672241,2024-12-23,1.0586900247944613
2709580215,672241,2024-12-30,1.5604192669731982
2709580215,672241,2025-01-06,1.0608994813906163
2709580215,672241,2025-01-13,1.0619162934487738
2709580215,672241,2025-01-20,1.0628649227056468
2709580215,672241,2025-01-27,1.0637486913606526
2709580215,672241,2025-02-03,1.064542593557935
2709580215,672241,2025-02-10,1.0650658052170359
2709580215,672241,2025-02-17,1.0654950009840394
2709580215,672241,2025-02-24,1.0659398859462315
2709580215,672241,2025-03-03,1.5668787560175106
2787887686,672241,2024-11-25,1.6732264521485125
2787887686,672241,2024-12-02,4.673330041740529
2787887686,672241,2024-12-09,-3.3268698365766434
2787887686,672241,2024-12-16,-2.8271686710918984
2787887686,672241,2024-12-23,-3.327362007481396
2787887686,672241,2024-12-30,-3.327536722925399
2787887686,672241,2025-01-06,-3.3275687788303863
2787887686,672241,2025-01-13,-3.3275472819623886
2787887686,672241,2025-01-20,-3.327532036802718
2787887686,672241,2025-01-27,-3.327536204973762
2787887686,672241,2025-02-03,-3.327569092836194
2787887686,672241,2025-02-10,-2.8275793060528938
2787887686,672241,2025-02-17,-3.3275243261356073
2787887686,672241,2025-02-24,-0.8275394412635606
2787887686,672241,2025-03-03,-2.8274415243872912
3022776581,672241,2024-11-25,1.6181312297417867
3022776581,672241,2024-12-02,0.6181792039297309
3022776581,672241,2024-12-09,0.6181624997552037
3022776581,672241,2024-12-16,0.6181297856288133
3022776581,672241,2024-12-23,0.6181962593934116
3022776581,672241,2024-12-30,0.6181709753331956
3022776581,672241,2025-01-06,0.6180404542739495
3022776581,672241,2025-01-13,0.6179043255892022
3022776581,672241,2025-01-20,1.1177162384889772
3022776581,672241,2025-01-27,0.6175539164720996
3022776581,672241,2025-02-03,0.61747272053854
3022776581,672241,2025-02-10,1.6173994432280192
3022776581,672241,2025-02-17,0.61728720097032
3022776581,672241,2025-02-24,0.617167700649226
3022776581,672241,2025-03-03,1.6170468521453238
3022776731,672241,2024-11-25,0.3863491005477611
3022776731,672241,2024-12-02,-0.1137872553309971
3022776731,672241,2024-12-09,-0.11389328561189557
3022776731,672241,2024-12-16,-0.11398627843862483
3022776731,672241,2024-12-23,-0.11406788472046239
3022776731,672241,2024-12-30,0.3858809303917387
3022776731,672241,2025-01-06,0.3857789615283267
3022776731,672241,2025-01-13,-0.11425911696386604
3022776731,672241,2025-01-20,-0.11430572278728279
3022776731,672241,2025-01-27,0.38567419690962645
3022776731,672241,2025-02-03,0.3856001269474677
3022776731,672241,2025-02-10,-0.11441290336953536
3022776731,672241,2025-02-17,0.38554268537729836
3022776731,672241,2025-02-24,0.385563927805193
3022776731,672241,2025-03-03,0.38555406150915816
3238598023,672241,2024-11-25,-0.14975337726886043
3238598023,672241,2024-12-02,-0.17444962930239036
3238598023,672241,2024-12-09,-0.1988512428284303
3238598023,672241,2024-12-16,-0.2229586802046369
3238598023,672241,2024-12-23,0.25322104618134095
3238598023,672241,2024-12-30,0.7296905029265033
3238598023,672241,2025-01-06,-0.2935341308752448
3238598023,672241,2025-01-13,0.18351450401322206
3238598023,672241,2025-01-20,-0.3391338598038144
3238598023,672241,2025-01-27,-0.36149619032437574
3238598023,672241,2025-02-03,-0.3835658161184547
3238598023,672241,2025-02-10,-0.40534243417345406
3238598023,672241,2025-02-17,-0.4268260698543517
3238598023,672241,2025-02-24,0.051976977269009406
3238598023,672241,2025-03-03,0.5310700360480588
3252722291,672241,2024-11-25,-0.22917892929533815
3252722291,672241,2024-12-02,0.27091575905384085
3252722291,672241,2024-12-09,-0.22909606897827367
3252722291,672241,2024-12-16,-0.2290908683820913
3252722291,672241,2024-12-23,-0.22906591445322533
3252722291,672241,2024-12-30,-0.22905383734632573
3252722291,672241,2025-01-06,-0.22907593000779103
3252722291,672241,2025-01-13,-0.22912822811885933
3252722291,672241,2025-01-20,0.2708102686800271
3252722291,672241,2025-01-27,-0.2292742774310316
3252722291,672241,2025-02-03,-0.22934720134365902
3252722291,672241,2025-02-10,-0.22941615311600178
3252722291,672241,2025-02-17,-0.22947977761016608
3252722291,672241,2025-02-24,0.2704731114904392
3252722291,672241,2025-03-03,-0.22958424223452165
3576081009,672241,2024-11-25,-0.05744041312205923
3576081009,672241,2024-12-02,-0.05744706209144686
3576081009,672241,2024-12-09,0.44247972783144124
3576081009,672241,2024-12-16,-0.05746042764483915
3576081009,672241,2024-12-23,-0.057467050685022045
3576081009,672241,2024-12-30,-0.05747372938545628
3576081009,672241,2025-01-06,0.44258491147863666
3576081009,672241,2025-01-13,-0.05748953068031033
3576081009,672241,2025-01-20,-0.05749615415926643
3576081009,672241,2025-01-27,0.942364165599195
3576081009,672241,2025-02-03,-0.05750935162517061
3576081009,672241,2025-02-10,-0.05751584093095516
3576081009,672241,2025-02-17,0.44254413834569706
3576081009,672241,2025-02-24,-0.05752892943867306
3576081009,672241,2025-03-03,-0.057535385716145776
3577564803,672241,2024-11-25,5.764400335150226
3577564803,672241,2024-12-02,5.859699323691418
3577564803,672241,2024-12-09,5.4539755742252805
3577564803,672241,2024-12-16,5.546997470423932
3577564803,672241,2024-12-23,5.638821721187206
3577564803,672241,2024-12-30,5.729434280848018
3577564803,672241,2025-01-06,7.318716557372029
3577564803,672241,2025-01-13,7.406921075701143
3577564803,672241,2025-01-20,6.993886689252127
3577564803,672241,2025-01-27,7.579567005740822
3577564803,672241,2025-02-03,6.663953059014384
3577564803,672241,2025-02-10,7.247082016275053
3577564803,672241,2025-02-17,8.32895919825749
3577564803,672241,2025-02-24,7.409771527690193
3577564803,672241,2025-03-03,6.9892663757036795
3691275758,672241,2024-11-25,-0.02988629448269388
3691275758,672241,2024-12-02,-0.038163220436157774
3691275758,672241,2024-12-09,-0.046341060207184634
3691275758,672241,2024-12-16,-0.05441974187184945
3691275758,672241,2024-12-23,0.43759653115883296
3691275758,672241,2024-12-30,-0.07028227760483988
3691275758,672241,2025-01-06,-0.07806586876583801
3691275758,672241,2025-01-13,-0.08574980414807726
3691275758,672241,2025-01-20,0.40666146382699786
3691275758,672241,2025-01-27,-0.10082206709917788
3691275758,672241,2025-02-03,-0.10821013181757277
3691275758,672241,2025-02-10,-0.11549876662389584
3691275758,672241,2025-02-17,-0.12268783234069486
3691275758,672241,2025-02-24,-0.1297775517456216
3691275758,672241,2025-03-03,0.36323640574929467
3692477582,672241,2024-11-25,-0.028848053911321513
3692477582,672241,2024-12-02,-0.028846896372728848
3692477582,672241,2024-12-09,-0.028841437942078933
3692477582,672241,2024-12-16,-0.028834600883687576
3692477582,672241,2024-12-23,-0.02882869730623548
3692477582,672241,2024-12-30,-0.02882335500186923
3692477582,672241,2025-01-06,-0.028819090407085336
3692477582,672241,2025-01-13,-0.028816226912813474
3692477582,672241,2025-01-20,-0.02881487324655857
3692477582,672241,2025-01-27,-0.028815069927095732
3692477582,672241,2025-02-03,-0.028816714484112892
3692477582,672241,2025-02-10,-0.02881973199528614
3692477582,672241,2025-02-17,-0.02882394380243084
3692477582,672241,2025-02-24,-0.028829204974957733
3692477582,672241,2025-03-03,-0.02883532626092683
3693412504,672241,2024-11-25,0.0
3693412504,672241,2024-12-02,0.0
3693412504,672241,2024-12-09,0.0
3693412504,672241,2024-12-16,0.0
3693412504,672241,2024-12-23,0.0
3693412504,672241,2024-12-30,0.0
3693412504,672241,2025-01-06,0.0
3693412504,672241,2025-01-13,0.0
3693412504,672241,2025-01-20,0.0
3693412504,672241,2025-01-27,0.0
3693412504,672241,2025-02-03,0.0
3693412504,672241,2025-02-10,0.0
3693412504,672241,2025-02-17,0.0
3693412504,672241,2025-02-24,0.0
3693412504,672241,2025-03-03,0.0
3867746102,672241,2024-11-25,0.11575494891685517
3867746102,672241,2024-12-02,0.1156774790096819
3867746102,672241,2024-12-09,0.1156074815765846
3867746102,672241,2024-12-16,0.11554354859251557
3867746102,672241,2024-12-23,0.11548397845908119
3867746102,672241,2024-12-30,0.11542992453071124
3867746102,672241,2025-01-06,0.11538238068512913
3867746102,672241,2025-01-13,0.11533990906725715
3867746102,672241,2025-01-20,0.11530232744322591
3867746102,672241,2025-01-27,0.11526961041740932
3867746102,672241,2025-02-03,0.11524021422674899
3867746102,672241,2025-02-10,0.1152166721561001
3867746102,672241,2025-02-17,0.11519753218309958
3867746102,672241,2025-02-24,0.1151812409102028
3867746102,672241,2025-03-03,0.11516893474277806
3880204628,672241,2024-11-25,1.2033114904820195
3880204628,672241,2024-12-02,0.20316060760440216
3880204628,672241,2024-12-09,0.202868874871127
3880204628,672241,2024-12-16,0.20260849448408305
3880204628,672241,2024-12-23,0.20238076356430884
3880204628,672241,2024-12-30,0.2021866556308688
3880204628,672241,2025-01-06,0.2020266553421594
3880204628,672241,2025-01-13,1.2021995839899944
3880204628,672241,2025-01-20,0.20221953252890046
3880204628,672241,2025-01-27,0.20210127163587144
3880204628,672241,2025-02-03,0.20201266361490472
3880204628,672241,2025-02-10,0.20195147545846776
3880204628,672241,2025-02-17,0.20191512763809175
3880204628,672241,2025-02-24,0.20190100917252402
3880204628,672241,2025-03-03,0.20190598330135456
3926767355,672241,2024-11-25,-0.030341855111604643
3926767355,672241,2024-12-02,-0.03015861433662881
3926767355,672241,2024-12-09,-0.02997657224375741
3926767355,672241,2024-12-16,-0.02979597873249462
3926767355,672241,2024-12-23,-0.02961682812812197
3926767355,672241,2024-12-30,-0.02943936328904176
3926767355,672241,2025-01-06,0.47084465925445373
3926767355,672241,2025-01-13,-0.029048007690441968
3926767355,672241,2025-01-20,-0.028955209353303174
3926767355,672241,2025-01-27,0.47124353201977087
3926767355,672241,2025-02-03,-0.028735018872113577
3926767355,672241,2025-02-10,-0.02872879633472991
3926767355,672241,2025-02-17,-0.02872539687811132
3926767355,672241,2025-02-24,-0.028723343910389915
3926767355,672241,2025-03-03,-0.02871864056926665
4079053893,672241,2024-11-25,0.7131335188584006
4079053893,672241,2024-12-02,0.7131697723750754
4079053893,672241,2024-12-09,1.2131742857867018
4079053893,672241,2024-12-16,0.7130961963042631
4079053893,672241,2024-12-23,1.7130555550017712
4079053893,672241,2024-12-30,2.7130651420432943
4079053893,672241,2025-01-06,1.2130663275876543
4079053893,672241,2025-01-13,0.7131387096711377
4079053893,672241,2025-01-20,0.7131902880203382
4079053893,672241,2025-01-27,0.7131928796908042
4079053893,672241,2025-02-03,1.713229262475195
4079053893,672241,2025-02-10,0.7131969198991758
4079053893,672241,2025-02-17,0.7131876434644875
4079053893,672241,2025-02-24,1.7131921594080195
4079053893,672241,2025-03-03,2.213220611833094
4166277217,672241,2024-11-25,3.5693394450847418
4166277217,672241,2024-12-02,3.569313433686999
4166277217,672241,2024-12-09,3.5694152271381343
4166277217,672241,2024-12-16,3.569465618032789
4166277217,672241,2024-12-23,3.5694569932257196
4166277217,672241,2024-12-30,3.569399009901174
4166277217,672241,2025-01-06,3.5692956502616138
4166277217,672241,2025-01-13,3.5691566934891883
4166277217,672241,2025-01-20,3.5689892638756597
4166277217,672241,2025-01-27,3.568874473910954
4166277217,672241,2025-02-03,4.0687283143535655
4166277217,672241,2025-02-10,4.068660677920667
4166277217,672241,2025-02-17,4.068495368657774
4166277217,672241,2025-02-24,3.568500731894298
4166277217,672241,2025-03-03,4.568358224471701
4203509252,672241,2024-11-25,0.992391973493116
4203509252,672241,2024-12-02,1.0038802531373239
4203509252,672241,2024-12-09,1.0151183959449632
4203509252,672241,2024-12-16,1.0260976852288803
4203509252,672241,2024-12-23,1.0368088276985659
4203509252,672241,2024-12-30,1.0472453368511667
4203509252,672241,2025-01-06,1.057402983034532
4203509252,672241,2025-01-13,1.0672787667909496
4203509252,672241,2025-01-20,1.0768716738402715
4203509252,672241,2025-01-27,1.0861825568772432
4203509252,672241,2025-02-03,1.0952137665046455
4203509252,672241,2025-02-10,1.1039695504750155
4203509252,672241,2025-02-17,1.1124557574508083
4203509252,672241,2025-02-24,1.1206800448667662
4203509252,672241,2025-03-03,1.1286524387778067
4233243369,672241,2024-11-25,0.6318553090291309
4233243369,672241,2024-12-02,0.6318449013747925
4233243369,672241,2024-12-09,0.6315891248142599
4233243369,672241,2024-12-16,0.6312251824269377
4233243369,672241,2024-12-23,0.6308827700279617
4233243369,672241,2024-12-30,0.6305686584786676
4233243369,672241,2025-01-06,0.6302466884020077
4233243369,672241,2025-01-13,0.6298935462074089
4233243369,672241,2025-01-20,0.6295261919292501
4233243369,672241,2025-01-27,0.6291832247768248
4233243369,672241,2025-02-03,0.6289058970736452
4233243369,672241,2025-02-10,0.6287370798455123
4233243369,672241,2025-02-17,0.6286877886346168
4233243369,672241,2025-02-24,0.6287313943914783
4233243369,672241,2025-03-03,0.6288193751516666
4244979510,672241,2024-11-25,-7.900564971941026e-05
4244979510,672241,2024-12-02,-0.00023287313943176624
4244979510,672241,2024-12-09,-0.00040467083310047336
4244979510,672241,2024-12-16,-0.0005610877949422388
4244979510,672241,2024-12-23,-0.000705364954023846
4244979510,672241,2024-12-30,-0.0008559807240241524
4244979510,672241,2025-01-06,-0.0010558776179837581
4244979510,672241,2025-01-13,-0.0012684320439265706
4244979510,672241,2025-01-20,-0.0015361423716351297
4244979510,672241,2025-01-27,-0.0018183912672219416
4244979510,672241,2025-02-03,-0.0020523895294836114
4244979510,672241,2025-02-10,-0.0022294600572682066
4244979510,672241,2025-02-17,-0.0023745189691950497
4244979510,672241,2025-02-24,-0.0025234703975816064
4244979510,672241,2025-03-03,-0.0026307012864453805
4293110694,672241,2024-11-25,0.0
4293110694,672241,2024-12-02,0.0
4293110694,672241,2024-12-09,0.0
4293110694,672241,2024-12-16,0.0
4293110694,672241,2024-12-23,0.0
4293110694,672241,2024-12-30,0.0
4293110694,672241,2025-01-06,0.0
4293110694,672241,2025-01-13,0.0
4293110694,672241,2025-01-20,0.0
4293110694,672241,2025-01-27,0.0
4293110694,672241,2025-02-03,0.0
4293110694,672241,2025-02-10,0.0
4293110694,672241,2025-02-17,0.0
4293110694,672241,2025-02-24,0.0
4293110694,672241,2025-03-03,0.0
4299736790,672241,2024-11-25,0.08653296789751438
4299736790,672241,2024-12-02,0.08651156798743534
4299736790,672241,2024-12-09,0.0864955625027871
4299736790,672241,2024-12-16,0.08648659408668766
4299736790,672241,2024-12-23,0.08648191056109146
4299736790,672241,2024-12-30,0.08647888999404148
4299736790,672241,2025-01-06,0.08647943705489962
4299736790,672241,2025-01-13,0.08648298231400284
4299736790,672241,2025-01-20,0.08648889045506258
4299736790,672241,2025-01-27,0.08649902094759454
4299736790,672241,2025-02-03,0.08651057325748851
4299736790,672241,2025-02-10,0.08652318502271865
4299736790,672241,2025-02-17,0.08653638928243798
4299736790,672241,2025-02-24,0.08654964236967594
4299736790,672241,2025-03-03,0.08656233124187179
4299740219,672241,2024-11-25,2.460036830200517
4299740219,672241,2024-12-02,2.4599725568364192
4299740219,672241,2024-12-09,2.4600317362693738
4299740219,672241,2024-12-16,2.460056098829703
4299740219,672241,2024-12-23,2.460049738996199
4299740219,672241,2024-12-30,2.4600362854795192
4299740219,672241,2025-01-06,2.460022991881361
4299740219,672241,2025-01-13,2.460011164853419
4299740219,672241,2025-01-20,2.460000302582058
4299740219,672241,2025-01-27,2.4599923535513133
4299740219,672241,2025-02-03,2.4599956295586827
4299740219,672241,2025-02-10,2.460000366276241
4299740219,672241,2025-02-17,2.4600011758688782
4299740219,672241,2025-02-24,2.4600002851301204
4299740219,672241,2025-03-03,2.4599911725605943
4391268112,672241,2024-11-25,0.3093920923747798
4391268112,672241,2024-12-02,0.30941321018330925
4391268112,672241,2024-12-09,0.30943813967383976
4391268112,672241,2024-12-16,0.30946487926642047
4391268112,672241,2024-12-23,0.30948749159132044
4391268112,672241,2024-12-30,0.3095014028009859
4391268112,672241,2025-01-06,0.309505381001106
4391268112,672241,2025-01-13,0.3095012447698266
4391268112,672241,2025-01-20,0.3094933020771455
4391268112,672241,2025-01-27,0.3094879650194729
4391268112,672241,2025-02-03,0.3094773647584553
4391268112,672241,2025-02-10,0.30947483349546245
4391268112,672241,2025-02-17,0.30947776390422804
4391268112,672241,2025-02-24,0.30948223705095723
4391268112,672241,2025-03-03,0.30949801650830877
4396560443,672241,2024-11-25,0.9387700469976759
4396560443,672241,2024-12-02,0.9663439189090557
4396560443,672241,2024-12-09,0.9935825590681799
4396560443,672241,2024-12-16,1.020482231023911
4396560443,672241,2024-12-23,1.0470402220544879
4396560443,672241,2024-12-30,1.0732537114868572
4396560443,672241,2025-01-06,1.0991204324767263
4396560443,672241,2025-01-13,1.1246389570516147
4396560443,672241,2025-01-20,1.1498083776101833
4396560443,672241,2025-01-27,1.1746276573513612
4396560443,672241,2025-02-03,1.1990961391035517
4396560443,672241,2025-02-10,1.2232143815432097
4396560443,672241,2025-02-17,1.2469815605716446
4396560443,672241,2025-02-24,1.2703981616458235
4396560443,672241,2025-03-03,1.293465215426605
4475480724,672241,2024-11-25,9.280132008119686
4475480724,672241,2024-12-02,10.50152647334917
4475480724,672241,2024-12-09,11.7114879501762
4475480724,672241,2024-12-16,12.910025191772293
4475480724,672241,2024-12-23,14.097133453015283
4475480724,672241,2024-12-30,15.272826788007936
4475480724,672241,2025-01-06,16.437096400187098
4475480724,672241,2025-01-13,17.58994909817576
4475480724,672241,2025-01-20,18.73137386541258
4475480724,672241,2025-01-27,19.861369549329883
4475480724,672241,2025-02-03,20.979933110706305
4475480724,672241,2025-02-10,22.087066565682946
4475480724,672241,2025-02-17,23.182781001288824
4475480724,672241,2025-02-24,24.267083067918954
4475480724,672241,2025-03-03,25.339977188005605
4475481627,672241,2024-11-25,0.1615017235143641
4475481627,672241,2024-12-02,0.16935399494509776
4475481627,672241,2024-12-09,0.1771431192219759
4475481627,672241,2024-12-16,0.18486926388290192
4475481627,672241,2024-12-23,0.1925324563897274
4475481627,672241,2024-12-30,0.20013263334527578
4475481627,672241,2025-01-06,0.20766965678818902
4475481627,672241,2025-01-13,0.21514335206938745
4475481627,672241,2025-01-20,0.22255354228692503
4475481627,672241,2025-01-27,0.22990002881042018
4475481627,672241,2025-02-03,0.23718264874011769
4475481627,672241,2025-02-10,0.24440126195512477
4475481627,672241,2025-02-17,0.2515557791017249
4475481627,672241,2025-02-24,0.2586461475582762
4475481627,672241,2025-03-03,0.26567239005284465
4475482043,672241,2024-11-25,0.04276470259468078
4475482043,672241,2024-12-02,0.04504978169101761
4475482043,672241,2024-12-09,0.04731129364454931
4475482043,672241,2024-12-16,0.04954908174711375
4475482043,672241,2024-12-23,0.05176302502399322
4475482043,672241,2024-12-30,0.0539530122392519
4475482043,672241,2025-01-06,0.05611896026240987
4475482043,672241,2025-01-13,0.058260804730497225
4475482043,672241,2025-01-20,0.0603784897380826
4475482043,672241,2025-01-27,0.06247197695831138
4475482043,672241,2025-02-03,0.06454124243115629
4475482043,672241,2025-02-10,0.06658626875139821
4475482043,672241,2025-02-17,0.06860704597429167
4475482043,672241,2025-02-24,0.07060357299179831
4475482043,672241,2025-03-03,0.07257584848602866
4486038235,672241,2024-11-25,0.8995577748371976
4486038235,672241,2024-12-02,0.9625769936201359
4486038235,672241,2024-12-09,1.025012892600867
4486038235,672241,2024-12-16,1.0868619268486064
4486038235,672241,2024-12-23,1.1481219700430385
4486038235,672241,2024-12-30,1.2087919151965583
4486038235,672241,2025-01-06,1.2688714091082813
4486038235,672241,2025-01-13,1.3283604836300036
4486038235,672241,2025-01-20,1.3872594545331987
4486038235,672241,2025-01-27,1.4455687219806643
4486038235,672241,2025-02-03,1.5032886735445627
4486038235,672241,2025-02-10,1.560419605340028
4486038235,672241,2025-02-17,1.616961717966913
4486038235,672241,2025-02-24,1.6729150925582648
4486038235,672241,2025-03-03,1.7282796133543332
4486038328,672241,2024-11-25,0.6871014794265089
4486038328,672241,2024-12-02,0.742580139953712
4486038328,672241,2024-12-09,0.7975478158942915
4486038328,672241,2024-12-16,0.8520033727481012
4486038328,672241,2024-12-23,0.9059461749291561
4486038328,672241,2024-12-30,0.9593758426512842
4486038328,672241,2025-01-06,1.0122922475718423
4486038328,672241,2025-01-13,1.0646952717802203
4486038328,672241,2025-01-20,1.1165849174468272
4486038328,672241,2025-01-27,1.1679611673829822
4486038328,672241,2025-02-03,1.218824033406491
4486038328,672241,2025-02-10,1.2691735125272166
4486038328,672241,2025-02-17,1.3190096077762836
4486038328,672241,2025-02-24,1.3683323378917664
4486038328,672241,2025-03-03,1.4171417020778607
4486038387,672241,2024-11-25,0.7873552313774861
4486038387,672241,2024-12-02,0.7873401479011183
4486038387,672241,2024-12-09,0.7873386181889714
4486038387,672241,2024-12-16,0.7873288962954472
4486038387,672241,2024-12-23,0.7873192662607248
4486038387,672241,2024-12-30,0.7873174318458008
4486038387,672241,2025-01-06,0.7873221943290125
4486038387,672241,2025-01-13,0.787327699507398
4486038387,672241,2025-01-20,0.787333590492802
4486038387,672241,2025-01-27,0.7873397179995194
4486038387,672241,2025-02-03,0.7873455492918227
4486038387,672241,2025-02-10,0.7873501827132618
4486038387,672241,2025-02-17,0.787353116958062
4486038387,672241,2025-02-24,0.7873550460205889
4486038387,672241,2025-03-03,0.7873582450886534
4636511797,672241,2024-11-25,0.0
4636511797,672241,2024-12-02,0.0
4636511797,672241,2024-12-09,0.0
4636511797,672241,2024-12-16,0.0
4636511797,672241,2024-12-23,0.0
4636511797,672241,2024-12-30,0.0
4636511797,672241,2025-01-06,0.0
4636511797,672241,2025-01-13,0.0
4636511797,672241,2025-01-20,0.0
4636511797,672241,2025-01-27,0.0
4636511797,672241,2025-02-03,0.0
4636511797,672241,2025-02-10,0.0
4636511797,672241,2025-02-17,0.0
4636511797,672241,2025-02-24,0.0
4636511797,672241,2025-03-03,0.0
4709870548,672241,2024-11-25,0.0
4709870548,672241,2024-12-02,0.0
4709870548,672241,2024-12-09,0.0
4709870548,672241,2024-12-16,0.0
4709870548,672241,2024-12-23,0.0
4709870548,672241,2024-12-30,0.0
4709870548,672241,2025-01-06,0.0
4709870548,672241,2025-01-13,0.0
4709870548,672241,2025-01-20,0.0
4709870548,672241,2025-01-27,0.0
4709870548,672241,2025-02-03,0.0
4709870548,672241,2025-02-10,0.0
4709870548,672241,2025-02-17,0.0
4709870548,672241,2025-02-24,0.0
4709870548,672241,2025-03-03,0.0
4723833696,672241,2024-11-25,5.050108720466513
4723833696,672241,2024-12-02,2.5499218563890573
4723833696,672241,2024-12-09,1.0497472247820565
4723833696,672241,2024-12-16,3.549361034753534
4723833696,672241,2024-12-23,2.049194891623536
4723833696,672241,2024-12-30,3.0489576136262446
4723833696,672241,2025-01-06,3.548895536179319
4723833696,672241,2025-01-13,5.0487252135672165
4723833696,672241,2025-01-20,2.549013966137415
4723833696,672241,2025-01-27,2.5487890388619334
4723833696,672241,2025-02-03,5.0485820569072875
4723833696,672241,2025-02-10,2.5492027996287647
4723833696,672241,2025-02-17,2.5492166934283276
4723833696,672241,2025-02-24,2.0495104385866716
4723833696,672241,2025-03-03,2.0496072024339327
4723910471,672241,2024-11-25,2.5877640883111055
4723910471,672241,2024-12-02,0.6261333987062425
4723910471,672241,2024-12-09,1.6639421268585046
4723910471,672241,2024-12-16,0.7011751773705952
4723910471,672241,2024-12-23,1.7378385203753681
4723910471,672241,2024-12-30,0.7739266648525038
4723910471,672241,2025-01-06,0.8094614440574682
4723910471,672241,2025-01-13,1.8444460698549006
4723910471,672241,2025-01-20,0.3788568933076266
4723910471,672241,2025-01-27,2.4127423815011846
4723910471,672241,2025-02-03,0.44605002911147174
4723910471,672241,2025-02-10,0.47882067637677683
4723910471,672241,2025-02-17,1.5110432472740398
4723910471,672241,2025-02-24,2.0427189404690873
4723910471,672241,2025-03-03,1.5738368527314455
4723938440,672241,2024-11-25,5.010121940969443
4723938440,672241,2024-12-02,0.5099958785977476
4723938440,672241,2024-12-09,1.0097335645410104
4723938440,672241,2024-12-16,-0.9904249475080233
4723938440,672241,2024-12-23,12.009580998100702
4723938440,672241,2024-12-30,2.009434277196158
4723938440,672241,2025-01-06,0.009384394396461992
4723938440,672241,2025-01-13,3.009361619937434
4723938440,672241,2025-01-20,0.009386676605168232
4723938440,672241,2025-01-27,-0.49060586195013833
4723938440,672241,2025-02-03,2.0093527273287357
4723938440,672241,2025-02-10,3.509389985925257
4723938440,672241,2025-02-17,1.0093538174512409
4723938440,672241,2025-02-24,1.509382663398692
4723938440,672241,2025-03-03,-0.9905935696721184
4724133655,672241,2024-11-25,2.7500472273228147
4724133655,672241,2024-12-02,5.249993600045671
4724133655,672241,2024-12-09,-0.7499813674335568
4724133655,672241,2024-12-16,-0.7499987579906704
4724133655,672241,2024-12-23,-0.2500116843192799
4724133655,672241,2024-12-30,-0.7500119305393973
4724133655,672241,2025-01-06,-0.7500130070394043
4724133655,672241,2025-01-13,-0.7500116171981658
4724133655,672241,2025-01-20,-0.7500092932364997
4724133655,672241,2025-01-27,-0.250003749969657
4724133655,672241,2025-02-03,-0.7500058640098792
4724133655,672241,2025-02-10,0.2499940137006379
4724133655,672241,2025-02-17,1.2500123656405995
4724133655,672241,2025-02-24,-0.7500029502302836
4724133655,672241,2025-03-03,0.25000839645525447
4727839041,672241,2024-11-25,0.0
4727839041,672241,2024-12-02,0.0
4727839041,672241,2024-12-09,0.0
4727839041,672241,2024-12-16,0.0
4727839041,672241,2024-12-23,0.0
4727839041,672241,2024-12-30,0.0
4727839041,672241,2025-01-06,0.0
4727839041,672241,2025-01-13,0.0
4727839041,672241,2025-01-20,0.0
4727839041,672241,2025-01-27,0.0
4727839041,672241,2025-02-03,0.0
4727839041,672241,2025-02-10,0.0
4727839041,672241,2025-02-17,0.0
4727839041,672241,2025-02-24,0.0
4727839041,672241,2025-03-03,0.0
4844412140,672241,2024-11-25,0.0
4844412140,672241,2024-12-02,0.0
4844412140,672241,2024-12-09,0.0
4844412140,672241,2024-12-16,0.0
4844412140,672241,2024-12-23,0.0
4844412140,672241,2024-12-30,0.0
4844412140,672241,2025-01-06,0.0
4844412140,672241,2025-01-13,0.0
4844412140,672241,2025-01-20,0.0
4844412140,672241,2025-01-27,0.0
4844412140,672241,2025-02-03,0.0
4844412140,672241,2025-02-10,0.0
4844412140,672241,2025-02-17,0.0
4844412140,672241,2025-02-24,0.0
4844412140,672241,2025-03-03,0.0
4861004995,672241,2024-11-25,0.0
4861004995,672241,2024-12-02,0.0
4861004995,672241,2024-12-09,0.0
4861004995,672241,2024-12-16,0.0
4861004995,672241,2024-12-23,0.0
4861004995,672241,2024-12-30,0.0
4861004995,672241,2025-01-06,0.0
4861004995,672241,2025-01-13,0.0
4861004995,672241,2025-01-20,0.0
4861004995,672241,2025-01-27,0.0
4861004995,672241,2025-02-03,0.0
4861004995,672241,2025-02-10,0.0
4861004995,672241,2025-02-17,0.0
4861004995,672241,2025-02-24,0.0
4861004995,672241,2025-03-03,0.0
4867304145,672241,2024-11-25,0.0
4867304145,672241,2024-12-02,0.0
4867304145,672241,2024-12-09,0.0
4867304145,672241,2024-12-16,0.0
4867304145,672241,2024-12-23,0.0
4867304145,672241,2024-12-30,0.0
4867304145,672241,2025-01-06,0.0
4867304145,672241,2025-01-13,0.0
4867304145,672241,2025-01-20,0.0
4867304145,672241,2025-01-27,0.0
4867304145,672241,2025-02-03,0.0
4867304145,672241,2025-02-10,0.0
4867304145,672241,2025-02-17,0.0
4867304145,672241,2025-02-24,0.0
4867304145,672241,2025-03-03,0.0
5982960035,672241,2024-11-25,0.557893771255169
5982960035,672241,2024-12-02,-1.9421503617091467
5982960035,672241,2024-12-09,-2.4422040495730233
5982960035,672241,2024-12-16,3.057772656178176
5982960035,672241,2024-12-23,-2.442285742517382
5982960035,672241,2024-12-30,-2.9423202557208907
5982960035,672241,2025-01-06,-1.942369700560156
5982960035,672241,2025-01-13,-1.9423863258747203
5982960035,672241,2025-01-20,-1.942425068049606
5982960035,672241,2025-01-27,-2.442427995666814
5982960035,672241,2025-02-03,-2.4424763442543314
5982960035,672241,2025-02-10,-1.4424899129477287
5982960035,672241,2025-02-17,-2.9425040125982007
5982960035,672241,2025-02-24,-1.9425286536467499
5982960035,672241,2025-03-03,-1.942540847716185
5996489657,672241,2024-11-25,-0.028602658848086444
5996489657,672241,2024-12-02,-0.028630237008840008
5996489657,672241,2024-12-09,-0.028654759568281653
5996489657,672241,2024-12-16,-0.028677143663597266
5996489657,672241,2024-12-23,-0.02869823984902179
5996489657,672241,2024-12-30,-0.028718790681380876
5996489657,672241,2025-01-06,-0.028735341689427825
5996489657,672241,2025-01-13,-0.02874769878494172
5996489657,672241,2025-01-20,-0.028763285053126232
5996489657,672241,2025-01-27,-0.028781894744604464
5996489657,672241,2025-02-03,-0.02879992986414226
5996489657,672241,2025-02-10,-0.028817947827793806
5996489657,672241,2025-02-17,-0.028836588721377055
5996489657,672241,2025-02-24,-0.028856422954446972
5996489657,672241,2025-03-03,-0.02887814081187974
5996490387,672241,2024-11-25,-0.34249174863700965
5996490387,672241,2024-12-02,-0.34256515593161363
5996490387,672241,2024-12-09,-0.34264826297464246
5996490387,672241,2024-12-16,-0.3427406096790261
5996490387,672241,2024-12-23,-0.3428402666918474
5996490387,672241,2024-12-30,0.1569525334105007
5996490387,672241,2025-01-06,0.15704380290725828
5996490387,672241,2025-01-13,0.6570421601634889
5996490387,672241,2025-01-20,-0.3432555613092165
5996490387,672241,2025-01-27,-0.3433514036097797
5996490387,672241,2025-02-03,1.1568554776564115
5996490387,672241,2025-02-10,-0.34353025797792464
5996490387,672241,2025-02-17,0.15628732755769859
5996490387,672241,2025-02-24,0.15640633411590205
5996490387,672241,2025-03-03,-0.3437703464086884
5996537271,672241,2024-11-25,0.35602504083522535
5996537271,672241,2024-12-02,-0.1440178911215068
5996537271,672241,2024-12-09,0.3559064527835064
5996537271,672241,2024-12-16,-0.14413414099551503
5996537271,672241,2024-12-23,-0.14418969851596536
5996537271,672241,2024-12-30,-0.14423774608378587
5996537271,672241,2025-01-06,-0.14427927360914108
5996537271,672241,2025-01-13,0.8556852392619503
5996537271,672241,2025-01-20,-0.1443433715169713
5996537271,672241,2025-01-27,-0.14436601561355522
5996537271,672241,2025-02-03,-0.1443836526487391
5996537271,672241,2025-02-10,-0.144396479195472
5996537271,672241,2025-02-17,-0.14440357946647991
5996537271,672241,2025-02-24,-0.14440626420226416
5996537271,672241,2025-03-03,-0.1444055026631767
5996540711,672241,2024-11-25,1.1825053670286716
5996540711,672241,2024-12-02,-0.8173837783109924
5996540711,672241,2024-12-09,-1.8172977124377958
5996540711,672241,2024-12-16,0.18277482282173593
5996540711,672241,2024-12-23,-1.317161277602957
5996540711,672241,2024-12-30,-0.3171121944342115
5996540711,672241,2025-01-06,-0.8170798303016161
5996540711,672241,2025-01-13,-1.8170584579395817
5996540711,672241,2025-01-20,-1.3170427490557113
5996540711,672241,2025-01-27,-0.31703186370894054
5996540711,672241,2025-02-03,-1.3170227789131412
5996540711,672241,2025-02-10,-1.317016758952596
5996540711,672241,2025-02-17,-1.317016117448556
5996540711,672241,2025-02-24,-1.317020484260995
5996540711,672241,2025-03-03,-0.8170262729018709
5996552646,672241,2024-11-25,0.3981530424938583
5996552646,672241,2024-12-02,0.3983487454599407
5996552646,672241,2024-12-09,0.3985520776911954
5996552646,672241,2024-12-16,8.898635164330717
5996552646,672241,2024-12-23,0.3989369861244375
5996552646,672241,2024-12-30,6.899237355787928
5996552646,672241,2025-01-06,4.399375444216524
5996552646,672241,2025-01-13,0.8994770957016915
5996552646,672241,2025-01-20,0.3996599431293333
5996552646,672241,2025-01-27,5.3997454102714055
5996552646,672241,2025-02-03,0.3999997889538631
5996552646,672241,2025-02-10,1.9001873918105985
5996552646,672241,2025-02-17,0.4003135596446892
5996552646,672241,2025-02-24,0.9004743050792798
5996552646,672241,2025-03-03,0.9006034916916226
5996815882,672241,2024-11-25,0.39689374249365644
5996815882,672241,2024-12-02,-0.10310600328984784
5996815882,672241,2024-12-09,-0.10313789783390855
5996815882,672241,2024-12-16,-0.1031321564528691
5996815882,672241,2024-12-23,-0.10309949598102719
5996815882,672241,2024-12-30,0.39686738274875794
5996815882,672241,2025-01-06,-0.10305677915612688
5996815882,672241,2025-01-13,-0.10305663286924016
5996815882,672241,2025-01-20,-0.10305116613839399
5996815882,672241,2025-01-27,-0.10304514283706127
5996815882,672241,2025-02-03,-0.10304115454895228
5996815882,672241,2025-02-10,-0.10304088376863421
5996815882,672241,2025-02-17,-0.10304432245424286
5996815882,672241,2025-02-24,-0.10305012171110817
5996815882,672241,2025-03-03,-0.10305578378140504
5996820047,672241,2024-11-25,0.03830904708049518
5996820047,672241,2024-12-02,-0.4617408861142064
5996820047,672241,2024-12-09,-0.46172803144709407
5996820047,672241,2024-12-16,-0.4617162853586123
5996820047,672241,2024-12-23,-0.4617053452512966
5996820047,672241,2024-12-30,0.5384375592332468
5996820047,672241,2025-01-06,-0.46169164884992697
5996820047,672241,2025-01-13,1.0382422750442657
5996820047,672241,2025-01-20,-0.4616886930692373
5996820047,672241,2025-01-27,-0.46168810403107485
5996820047,672241,2025-02-03,3.038510165223856
5996820047,672241,2025-02-10,0.03837355981284168
5996820047,672241,2025-02-17,-0.46169903206006024
5996820047,672241,2025-02-24,0.03836023221663961
5996820047,672241,2025-03-03,-0.4617133372550551
5996899120,672241,2024-11-25,-0.17428045490484154
5996899120,672241,2024-12-02,-0.1735806075638068
5996899120,672241,2024-12-09,-0.17319227157559616
5996899120,672241,2024-12-16,-0.1730200956657581
5996899120,672241,2024-12-23,-0.17299791705816223
5996899120,672241,2024-12-30,-0.17308164611458568
5996899120,672241,2025-01-06,-0.1732439681501935
5996899120,672241,2025-01-13,-0.1734710094991554
5996899120,672241,2025-01-20,-0.17376809413317112
5996899120,672241,2025-01-27,0.3262610551432662
5996899120,672241,2025-02-03,-0.17429854933238575
5996899120,672241,2025-02-10,0.8262385060165096
5996899120,672241,2025-02-17,-0.174301962252267
5996899120,672241,2025-02-24,-0.17412803752960732
5996899120,672241,2025-03-03,-0.17401251712543556
5996932035,672241,2024-11-25,0.028825766580925487
5996932035,672241,2024-12-02,0.02882710840824356
5996932035,672241,2024-12-09,0.02882924275084666
5996932035,672241,2024-12-16,0.028832156731206607
5996932035,672241,2024-12-23,0.028835693729782317
5996932035,672241,2024-12-30,0.02883951685530292
5996932035,672241,2025-01-06,0.028843211807280028
5996932035,672241,2025-01-13,0.528839144623164
5996932035,672241,2025-01-20,0.02884655511846529
5996932035,672241,2025-01-27,0.028846140588701042
5996932035,672241,2025-02-03,0.028845138452440015
5996932035,672241,2025-02-10,0.02884379940755736
5996932035,672241,2025-02-17,0.02884236154115999
5996932035,672241,2025-02-24,0.028841009898925605
5996932035,672241,2025-03-03,0.028839863108806242
5996937634,672241,2024-11-25,0.7884602214939712
5996937634,672241,2024-12-02,0.28846048668598206
5996937634,672241,2024-12-09,0.2884601310823727
5996937634,672241,2024-12-16,0.288460308866348
5996937634,672241,2024-12-23,0.28846007089601744
5996937634,672241,2024-12-30,0.2884601581978794
5996937634,672241,2025-01-06,0.7884602013547397
5996937634,672241,2025-01-13,0.28846045647503493
5996937634,672241,2025-01-20,0.2884600671800057
5996937634,672241,2025-01-27,0.28846049549647546
5996937634,672241,2025-02-03,0.28846039084008296
5996937634,672241,2025-02-10,0.2884603409723169
5996937634,672241,2025-02-17,0.78846021280831
5996937634,672241,2025-02-24,0.28846055240980234
5996937634,672241,2025-03-03,1.2884601743214255
5996941129,672241,2024-11-25,-0.31794250774462685
5996941129,672241,2024-12-02,0.15336300677440529
5996941129,672241,2024-12-09,-0.3120104011321129
5996941129,672241,2024-12-16,-0.30941513131114395
5996941129,672241,2024-12-23,-0.30671203800360963
5996941129,672241,2024-12-30,0.22761695118752523
5996941129,672241,2025-01-06,0.1648932487592195
5996941129,672241,2025-01-13,0.2299263716318288
5996941129,672241,2025-01-20,0.23129840135839042
5996941129,672241,2025-01-27,-0.2994921305203058
5996941129,672241,2025-02-03,-0.29844985018722187
5996941129,672241,2025-02-10,-0.2976185320430355
5996941129,672241,2025-02-17,-0.29696756446206307
5996941129,672241,2025-02-24,1.5752218837633511
5996941129,672241,2025-03-03,-0.2968823340303912
7405700714,672241,2024-11-25,0.11546385054699992
7405700714,672241,2024-12-02,0.6154495278305177
7405700714,672241,2024-12-09,0.6154351674915913
7405700714,672241,2024-12-16,1.1154255142522194
7405700714,672241,2024-12-23,0.11540887268403388
7405700714,672241,2024-12-30,0.6154025653711148
7405700714,672241,2025-01-06,0.6153940411432677
7405700714,672241,2025-01-13,1.1153900394944871
7405700714,672241,2025-01-20,0.6153799991935609
7405700714,672241,2025-01-27,2.1153783459531246
7405700714,672241,2025-02-03,2.115372221644079
7405700714,672241,2025-02-10,0.6153649724809434
7405700714,672241,2025-02-17,1.6153663248391539
7405700714,672241,2025-02-24,2.6153685628098717
7405700714,672241,2025-03-03,12.115289880709282
9629394497,672241,2024-11-25,-0.5583974691926886
9629394497,672241,2024-12-02,1.441551830342585
9629394497,672241,2024-12-09,0.9412391454451678
9629394497,672241,2024-12-16,0.44163437719015675
9629394497,672241,2024-12-23,-4.5582844325887315
9629394497,672241,2024-12-30,-4.558199353654546
9629394497,672241,2025-01-06,-1.5581092812230857
9629394497,672241,2025-01-13,-3.557625230595515
9629394497,672241,2025-01-20,-4.057117671051715
9629394497,672241,2025-01-27,-0.057225934287681746
9629394497,672241,2025-02-03,0.4433876934720322
9629394497,672241,2025-02-10,-4.0562723896163035
9629394497,672241,2025-02-17,0.9440538197552732
9629394497,672241,2025-02-24,-1.5555803398516233
9629394497,672241,2025-03-03,-5.554551964197602
15766844963,672241,2024-11-25,2.08669654057295
15766844963,672241,2024-12-02,0.08599591604028989
15766844963,672241,2024-12-09,2.585914642890359
15766844963,672241,2024-12-16,1.5869350595376166
15766844963,672241,2024-12-23,0.5868558706638077
15766844963,672241,2024-12-30,0.5871215483410527
15766844963,672241,2025-01-06,0.08717420592746966
15766844963,672241,2025-01-13,1.086935737402076
15766844963,672241,2025-01-20,1.086949746492575
15766844963,672241,2025-01-27,0.5868905564766896
15766844963,672241,2025-02-03,2.0863701448890732
15766844963,672241,2025-02-10,0.08694993999876754
15766844963,672241,2025-02-17,0.5867775868144671
15766844963,672241,2025-02-24,3.086530190806727
15766844963,672241,2025-03-03,1.0865925426080354
20377431146,672241,2024-11-25,-0.05794694136275367
20377431146,672241,2024-12-02,-0.05795459891899179
20377431146,672241,2024-12-09,-0.05796114722944634
20377431146,672241,2024-12-16,-0.057966732365715576
20377431146,672241,2024-12-23,-0.05797107922497684
20377431146,672241,2024-12-30,-0.057974519531513016
20377431146,672241,2025-01-06,-0.057977397654335794
20377431146,672241,2025-01-13,-0.05797948188702007
20377431146,672241,2025-01-20,-0.057980801666466714
20377431146,672241,2025-01-27,-0.05798141464031782
20377431146,672241,2025-02-03,-0.057981344207956705
20377431146,672241,2025-02-10,-0.05798070449624871
20377431146,672241,2025-02-17,-0.05797947731676407
20377431146,672241,2025-02-24,0.44203719008315434
20377431146,672241,2025-03-03,-0.05797384257788637
24738070995,672241,2024-11-25,0.4324399240849718
24738070995,672241,2024-12-02,0.43247760040403316
24738070995,672241,2024-12-09,0.43252620198161545
24738070995,672241,2024-12-16,0.43258621356831406
24738070995,672241,2024-12-23,0.43265719236411704
24738070995,672241,2024-12-30,0.4327388211236293
24738070995,672241,2025-01-06,1.9327334689107483
24738070995,672241,2025-01-13,0.4328537269741307
24738070995,672241,2025-01-20,0.43286022076602126
24738070995,672241,2025-01-27,0.43287697801935643
24738070995,672241,2025-02-03,1.4328404314369276
24738070995,672241,2025-02-10,0.43289097263705095
24738070995,672241,2025-02-17,0.4328694482645475
24738070995,672241,2025-02-24,0.4328590598972323
24738070995,672241,2025-03-03,0.43285911253497067
24738579136,672241,2024-11-25,0.8346629300064089
24738579136,672241,2024-12-02,0.8571646362150211
24738579136,672241,2024-12-09,0.8793925425988866
24738579136,672241,2024-12-16,0.9013474403994709
24738579136,672241,2024-12-23,0.9230286404603494
24738579136,672241,2024-12-30,0.9444351593867347
24738579136,672241,2025-01-06,0.9655676737852837
24738579136,672241,2025-01-13,0.9864256787333916
24738579136,672241,2025-01-20,1.0070059705130574
24738579136,672241,2025-01-27,1.0273087186243561
24738579136,672241,2025-02-03,1.0473344699618312
24738579136,672241,2025-02-10,1.0670820895508393
24738579136,672241,2025-02-17,1.5865992201268708
24738579136,672241,2025-02-24,1.1057590194344522
24738579136,672241,2025-03-03,1.124687189171381
25223257610,672241,2024-11-25,-0.14424134878567396
25223257610,672241,2024-12-02,-0.144244060764527
25223257610,672241,2024-12-09,0.3557731401313169
25223257610,672241,2024-12-16,0.8557609823010793
25223257610,672241,2024-12-23,-0.1442310046796032
25223257610,672241,2024-12-30,-0.14422287508958032
25223257610,672241,2025-01-06,-0.14421460584761647
25223257610,672241,2025-01-13,-0.14420619471641347
25223257610,672241,2025-01-20,1.3557826162111066
25223257610,672241,2025-01-27,-0.1441986621779992
25223257610,672241,2025-02-03,-0.14419918158810874
25223257610,672241,2025-02-10,-0.14419931687936413
25223257610,672241,2025-02-17,0.3557813906157797
25223257610,672241,2025-02-24,-0.1442074214038467
25223257610,672241,2025-03-03,-0.14421524228871213
25223743696,672241,2024-11-25,-0.14421190804184053
25223743696,672241,2024-12-02,-0.144161007815846
25223743696,672241,2024-12-09,0.35584869734329383
25223743696,672241,2024-12-16,0.355975568899187
25223743696,672241,2024-12-23,1.3558526928978274
25223743696,672241,2024-12-30,-0.14403282107805052
25223743696,672241,2025-01-06,0.3558918149760195
25223743696,672241,2025-01-13,-0.14411867127089267
25223743696,672241,2025-01-20,0.35587405126033106
25223743696,672241,2025-01-27,0.35575882884331933
25223743696,672241,2025-02-03,-0.14424598645706313
25223743696,672241,2025-02-10,-0.1443021126327761
25223743696,672241,2025-02-17,1.3557855093378246
25223743696,672241,2025-02-24,-0.14431412018445855
25223743696,672241,2025-03-03,-0.1442738311345082
25223744190,672241,2024-11-25,0.022092533666592307
25223744190,672241,2024-12-02,0.02211743866521787
25223744190,672241,2024-12-09,0.5221278499642035
25223744190,672241,2024-12-16,0.02213574968184387
25223744190,672241,2024-12-23,0.022137447485277732
25223744190,672241,2024-12-30,0.022128493883826317
25223744190,672241,2025-01-06,0.022110600691716567
25223744190,672241,2025-01-13,0.5220919989103215
25223744190,672241,2025-01-20,0.022081278298365273
25223744190,672241,2025-01-27,0.02207132550458095
25223744190,672241,2025-02-03,0.02205546264200789
25223744190,672241,2025-02-10,0.5220416245209198
25223744190,672241,2025-02-17,0.022038194720574847
25223744190,672241,2025-02-24,0.022038985995055466
25223744190,672241,2025-03-03,0.022038131967174093
25671218131,672241,2024-11-25,-1.4238230058457129
25671218131,672241,2024-12-02,-1.4975700952542519
25671218131,672241,2024-12-09,-1.070685726487175
25671218131,672241,2024-12-16,-2.143120971540132
25671218131,672241,2024-12-23,-1.714895304668359
25671218131,672241,2024-12-30,-1.785967130829347
25671218131,672241,2025-01-06,-1.356313007061383
25671218131,672241,2025-01-13,-2.4259658786524336
25671218131,672241,2025-01-20,-1.9948956076492186
25671218131,672241,2025-01-27,-2.063182795945027
25671218131,672241,2025-02-03,-2.1307503523520253
25671218131,672241,2025-02-10,-2.6975853185996885
25671218131,672241,2025-02-17,-2.763728990337423
25671218131,672241,2025-02-24,-2.829179853259289
25671218131,672241,2025-03-03,-1.8939863118979179
25671218642,672241,2024-11-25,1.2788402890921442
25671218642,672241,2024-12-02,2.7788388568163356
25671218642,672241,2024-12-09,2.7788334833756885
25671218642,672241,2024-12-16,1.278831718793454
25671218642,672241,2024-12-23,4.778835903173021
25671218642,672241,2024-12-30,0.27883664390559304
25671218642,672241,2025-01-06,0.7788379757510129
25671218642,672241,2025-01-13,0.27883904066501025
25671218642,672241,2025-01-20,0.77884033526226
25671218642,672241,2025-01-27,1.7788345036745699
25671218642,672241,2025-02-03,-0.7211643705674033
25671218642,672241,2025-02-10,-0.7211641770254835
25671218642,672241,2025-02-17,-0.2211659910141267
25671218642,672241,2025-02-24,1.278837942951628
25671218642,672241,2025-03-03,-0.22116369635456434
27095798175,672241,2024-11-25,0.5898035281482485
27095798175,672241,2024-12-02,-1.910151862314615
27095798175,672241,2024-12-09,-2.9101710165708594
27095798175,672241,2024-12-16,-3.4101820607573807
27095798175,672241,2024-12-23,-3.4101659367912927
27095798175,672241,2024-12-30,-3.4101316692221273
27095798175,672241,2025-01-06,-3.410074290024975
27095798175,672241,2025-01-13,-3.410016993684077
27095798175,672241,2025-01-20,-3.409991832767213
27095798175,672241,2025-01-27,-3.410004578252741
27095798175,672241,2025-02-03,-3.4100206541152778
27095798175,672241,2025-02-10,-2.410065616100402
27095798175,672241,2025-02-17,-3.41008433989817
27095798175,672241,2025-02-24,-2.9101295426236944
27095798175,672241,2025-03-03,-3.410141538583988
27095801676,672241,2024-11-25,2.858110651501703
27095801676,672241,2024-12-02,1.358007699866794
27095801676,672241,2024-12-09,0.3578272395591961
27095801676,672241,2024-12-16,-0.14212760567621263
27095801676,672241,2024-12-23,-0.14212884633376272
27095801676,672241,2024-12-30,-0.1421045384803093
27095801676,672241,2025-01-06,-0.14206347584111384
27095801676,672241,2025-01-13,-0.14201762279415103
27095801676,672241,2025-01-20,-0.14198036230718752
27095801676,672241,2025-01-27,-0.14196016076428591
27095801676,672241,2025-02-03,-0.14196319007709035
27095801676,672241,2025-02-10,-0.14199381684741347
27095801676,672241,2025-02-17,0.3579190357971888
27095801676,672241,2025-02-24,-0.14208595392464074
27095801676,672241,2025-03-03,-0.14214850054628375
27095803613,672241,2024-11-25,0.44770511317342027
27095803613,672241,2024-12-02,0.947275379984796
27095803613,672241,2024-12-09,0.4473121047589045
27095803613,672241,2024-12-16,1.447309210415904
27095803613,672241,2024-12-23,0.9474963498635169
27095803613,672241,2024-12-30,0.947586402335702
27095803613,672241,2025-01-06,0.9476758083817362
27095803613,672241,2025-01-13,1.4476405650503121
27095803613,672241,2025-01-20,0.4477254698612738
27095803613,672241,2025-01-27,0.9476193321349718
27095803613,672241,2025-02-03,0.9475720158989147
27095803613,672241,2025-02-10,0.9474645909028596
27095803613,672241,2025-02-17,0.44739287731590704
27095803613,672241,2025-02-24,0.44732026910877093
27095803613,672241,2025-03-03,1.4471482441814967
27095804199,672241,2024-11-25,-0.14428211850200973
27095804199,672241,2024-12-02,-0.14427953108202402
27095804199,672241,2024-12-09,-0.14427784204817784
27095804199,672241,2024-12-16,-0.14427841080126486
27095804199,672241,2024-12-23,-0.14428079585271297
27095804199,672241,2024-12-30,-0.14428436833183544
27095804199,672241,2025-01-06,-0.1442912027509058
27095804199,672241,2025-01-13,-0.14429887103032468
27095804199,672241,2025-01-20,-0.14430629500698056
27095804199,672241,2025-01-27,-0.14431376507061272
27095804199,672241,2025-02-03,-0.14432088102485835
27095804199,672241,2025-02-10,0.8555766739699513
27095804199,672241,2025-02-17,0.35560700342664336
27095804199,672241,2025-02-24,0.8556519996767736
27095804199,672241,2025-03-03,-0.14434182858301164
27095805681,672241,2024-11-25,0.8805914614244265
27095805681,672241,2024-12-02,0.8805755559092817
27095805681,672241,2024-12-09,3.880591807843658
27095805681,672241,2024-12-16,0.38087515565275165
27095805681,672241,2024-12-23,0.38107683295312045
27095805681,672241,2024-12-30,0.3812230068869158
27095805681,672241,2025-01-06,0.38132650693256376
27095805681,672241,2025-01-13,0.381383116877569
27095805681,672241,2025-01-20,0.8814317431450838
27095805681,672241,2025-01-27,0.8814459456323164
27095805681,672241,2025-02-03,1.8814792521261798
27095805681,672241,2025-02-10,3.381480674752696
27095805681,672241,2025-02-17,0.8816137297229011
27095805681,672241,2025-02-24,0.3817222633725854
27095805681,672241,2025-03-03,0.8818392124301367
27095807110,672241,2024-11-25,6.634575385101635
27095807110,672241,2024-12-02,5.634551354038818
27095807110,672241,2024-12-09,3.1346413175895584
27095807110,672241,2024-12-16,7.134687188462923
27095807110,672241,2024-12-23,1.6345691093440433
27095807110,672241,2024-12-30,0.6345824579259
27095807110,672241,2025-01-06,0.6345980524136823
27095807110,672241,2025-01-13,1.134623971680682
27095807110,672241,2025-01-20,1.6346071640744773
27095807110,672241,2025-01-27,0.6346439697931332
27095807110,672241,2025-02-03,1.1346465047510295
27095807110,672241,2025-02-10,1.634643519021352
27095807110,672241,2025-02-17,0.6346729240868605
27095807110,672241,2025-02-24,0.6346777272231261
27095807110,672241,2025-03-03,3.6346122109766723
27095807671,672241,2024-11-25,0.9954612792067516
27095807671,672241,2024-12-02,-1.5044138590055827
27095807671,672241,2024-12-09,4.494672278991131
27095807671,672241,2024-12-16,-1.0056646230970963
27095807671,672241,2024-12-23,-1.0063644232075293
27095807671,672241,2024-12-30,-0.006788087001000531
27095807671,672241,2025-01-06,-1.5059997414130526
27095807671,672241,2025-01-13,-1.0056663912490986
27095807671,672241,2025-01-20,1.995830898556348
27095807671,672241,2025-01-27,3.4960299770235173
27095807671,672241,2025-02-03,-0.003418893630678488
27095807671,672241,2025-02-10,0.4965776913434211
27095807671,672241,2025-02-17,0.9971476241232863
27095807671,672241,2025-02-24,-0.5018219134102391
27095807671,672241,2025-03-03,4.99938689263866
27095808173,672241,2024-11-25,0.22345894573685718
27095808173,672241,2024-12-02,0.19092515438738664
27095808173,672241,2024-12-09,0.1616870879112229
27095808173,672241,2024-12-16,0.6114212227935923
27095808173,672241,2024-12-23,0.11771752649544226
27095808173,672241,2024-12-30,1.0999220267968366
27095808173,672241,2025-01-06,0.08433218818472532
27095808173,672241,2025-01-13,0.07060239145455188
27095808173,672241,2025-01-20,0.5851282050357871
27095808173,672241,2025-01-27,0.5751764885285762
27095808173,672241,2025-02-03,0.041563477554123596
27095808173,672241,2025-02-10,0.510449184707056
27095808173,672241,2025-02-17,0.031685654838596644
27095808173,672241,2025-02-24,0.026533997562131373
27095808173,672241,2025-03-03,0.022632115793910557
27095808692,672241,2024-11-25,2.0442906840687693
27095808692,672241,2024-12-02,0.044511786577104195
27095808692,672241,2024-12-09,-0.9553350492568575
27095808692,672241,2024-12-16,-0.9552015637137179
27095808692,672241,2024-12-23,-0.9551804547528201
27095808692,672241,2024-12-30,-0.9552017480358723
27095808692,672241,2025-01-06,-0.45513094093510553
27095808692,672241,2025-01-13,-0.45512199871589265
27095808692,672241,2025-01-20,-0.4550631332823738
27095808692,672241,2025-01-27,0.04491881727602992
27095808692,672241,2025-02-03,-0.9550248693528134
27095808692,672241,2025-02-10,-0.9550028336305356
27095808692,672241,2025-02-17,-0.9550016652367824
27095808692,672241,2025-02-24,-0.955011924888263
27095808692,672241,2025-03-03,-0.9550358581868024
27095809660,672241,2024-11-25,0.5348048234993112
27095809660,672241,2024-12-02,1.0346431411392747
27095809660,672241,2024-12-09,0.5346084863941715
27095809660,672241,2024-12-16,1.5346359193032522
27095809660,672241,2024-12-23,1.034668490956958
27095809660,672241,2024-12-30,0.5347107604219529
27095809660,672241,2025-01-06,1.0347276565962427
27095809660,672241,2025-01-13,1.0347548627176866
27095809660,672241,2025-01-20,0.5347502881933912
27095809660,672241,2025-01-27,0.5347463178268375
27095809660,672241,2025-02-03,0.5347395871518734
27095809660,672241,2025-02-10,0.534733888074691
27095809660,672241,2025-02-17,0.5347310092748153
27095809660,672241,2025-02-24,0.5347330906029818
27095809660,672241,2025-03-03,0.5347397168052084
27095810173,672241,2024-11-25,3.873928594483983
27095810173,672241,2024-12-02,3.374128412907358
27095810173,672241,2024-12-09,3.8743277906606224
27095810173,672241,2024-12-16,3.374622160536953
27095810173,672241,2024-12-23,3.3748686397041423
27095810173,672241,2024-12-30,3.375166728327293
27095810173,672241,2025-01-06,16.37480932688764
27095810173,672241,2025-01-13,3.3755961887911425
27095810173,672241,2025-01-20,3.375756714760166
27095810173,672241,2025-01-27,3.3759093861901075
27095810173,672241,2025-02-03,3.3759944865912415
27095810173,672241,2025-02-10,6.875927493996265
27095810173,672241,2025-02-17,13.375668673819543
27095810173,672241,2025-02-24,3.8760683561664373
27095810173,672241,2025-03-03,4.375991374605394
27095810673,672241,2024-11-25,5.22752476983041
27095810673,672241,2024-12-02,5.227708598743783
27095810673,672241,2024-12-09,5.227824896912114
27095810673,672241,2024-12-16,5.227886338212665
27095810673,672241,2024-12-23,5.227869440280014
27095810673,672241,2024-12-30,5.227726059032347
27095810673,672241,2025-01-06,5.227403162487922
27095810673,672241,2025-01-13,5.227142632004712
27095810673,672241,2025-01-20,7.726730941972591
27095810673,672241,2025-01-27,5.226442290652573
27095810673,672241,2025-02-03,7.226061332261324
27095810673,672241,2025-02-10,6.225814502323006
27095810673,672241,2025-02-17,6.725395434392291
27095810673,672241,2025-02-24,6.72520987256388
27095810673,672241,2025-03-03,8.224882867338737
27095811177,672241,2024-11-25,1.011736501721527
27095811177,672241,2024-12-02,0.5120274928749402
27095811177,672241,2024-12-09,0.5123577780409674
27095811177,672241,2024-12-16,1.0127340340706608
27095811177,672241,2024-12-23,0.5129562388150963
27095811177,672241,2024-12-30,0.5132265741416691
27095811177,672241,2025-01-06,1.0135461419330647
27095811177,672241,2025-01-13,0.5137166623107484
27095811177,672241,2025-01-20,1.514081587850963
27095811177,672241,2025-01-27,0.5141693569698251
27095811177,672241,2025-02-03,0.5143806881174444
27095811177,672241,2025-02-10,0.5145807843075416
27095811177,672241,2025-02-17,0.5147635083098924
27095811177,672241,2025-02-24,1.0150038249009463
27095811177,672241,2025-03-03,1.0151804862980827
27095812646,672241,2024-11-25,1.0751823707767385
27095812646,672241,2024-12-02,0.5751263465695066
27095812646,672241,2024-12-09,0.5752586902805489
27095812646,672241,2024-12-16,0.5754219116937772
27095812646,672241,2024-12-23,0.5755820807613397
27095812646,672241,2024-12-30,0.575721358788893
27095812646,672241,2025-01-06,0.5758391398666578
27095812646,672241,2025-01-13,0.5759401778250233
27095812646,672241,2025-01-20,0.5760194615708933
27095812646,672241,2025-01-27,0.5760813185783216
27095812646,672241,2025-02-03,1.0762314892982254
27095812646,672241,2025-02-10,0.5761794851900908
27095812646,672241,2025-02-17,0.576208150810632
27095812646,672241,2025-02-24,0.5762235435603629
27095812646,672241,2025-03-03,0.5762320465679782
27095813697,672241,2024-11-25,-0.2012982719405369
27095813697,672241,2024-12-02,0.7979856130415475
27095813697,672241,2024-12-09,-0.20129855979204553
27095813697,672241,2024-12-16,-0.2013391557938139
27095813697,672241,2024-12-23,-0.20138364009126608
27095813697,672241,2024-12-30,0.2981849515755767
27095813697,672241,2025-01-06,-0.20154008778721627
27095813697,672241,2025-01-13,-0.2016319419179849
27095813697,672241,2025-01-20,-0.20172900075369
27095813697,672241,2025-01-27,0.2985383433433772
27095813697,672241,2025-02-03,-0.20191819322945376
27095813697,672241,2025-02-10,-0.20199679138811028
27095813697,672241,2025-02-17,-0.20207426536535467
27095813697,672241,2025-02-24,-0.2021709801427414
27095813697,672241,2025-03-03,-0.20226659244076897
27095814149,672241,2024-11-25,0.46972603905387333
27095814149,672241,2024-12-02,0.469922894068193
27095814149,672241,2024-12-09,-0.03011241831400735
27095814149,672241,2024-12-16,0.4702025215085212
27095814149,672241,2024-12-23,0.4699010453795327
27095814149,672241,2024-12-30,-0.029851701867211256
27095814149,672241,2025-01-06,-0.029830383930446347
27095814149,672241,2025-01-13,-0.0298360413837207
27095814149,672241,2025-01-20,-0.02986535824681058
27095814149,672241,2025-01-27,-0.029914857123212457
27095814149,672241,2025-02-03,0.47021765654584213
27095814149,672241,2025-02-10,0.46974963529073116
27095814149,672241,2025-02-17,-0.030150851115571142
27095814149,672241,2025-02-24,0.9701466391244236
27095814149,672241,2025-03-03,-0.03032099024183338
27878669323,672241,2024-11-25,4.378521769192376
27878669323,672241,2024-12-02,4.378104178867499
27878669323,672241,2024-12-09,4.377770368820517
27878669323,672241,2024-12-16,4.377405740115021
27878669323,672241,2024-12-23,4.877140692535179
27878669323,672241,2024-12-30,4.876902458731117
27878669323,672241,2025-01-06,4.376687463124215
27878669323,672241,2025-01-13,4.3765458268234445
27878669323,672241,2025-01-20,4.876410172447819
27878669323,672241,2025-01-27,4.876265474505452
27878669323,672241,2025-02-03,5.876180079242571
27878669323,672241,2025-02-10,6.876113373674038
27878669323,672241,2025-02-17,5.87607571133173
27878669323,672241,2025-02-24,7.876217393193702
27878669323,672241,2025-03-03,5.876303974806601
27878726372,672241,2024-11-25,0.7602054497894277
27878726372,672241,2024-12-02,0.7600815698178374
27878726372,672241,2024-12-09,3.2599622412539553
27878726372,672241,2024-12-16,0.25987010977532643
27878726372,672241,2024-12-23,0.7597821399374078
27878726372,672241,2024-12-30,0.2597028715865811
27878726372,672241,2025-01-06,0.2596372489376798
27878726372,672241,2025-01-13,0.25958115824839045
27878726372,672241,2025-01-20,0.2595350556884193
27878726372,672241,2025-01-27,0.259497806554959
27878726372,672241,2025-02-03,0.7594717380990759
27878726372,672241,2025-02-10,0.2594485364721666
27878726372,672241,2025-02-17,0.2594334786239223
27878726372,672241,2025-02-24,0.7594226570453654
27878726372,672241,2025-03-03,0.7594186094024409
28809186837,672241,2024-11-25,1.7911234754424534
28809186837,672241,2024-12-02,1.79115178447432
28809186837,672241,2024-12-09,1.7911751664330644
28809186837,672241,2024-12-16,1.7911935748776417
28809186837,672241,2024-12-23,1.7912032599595304
28809186837,672241,2024-12-30,2.291140315869749
28809186837,672241,2025-01-06,1.7911367449974094
28809186837,672241,2025-01-13,1.7910991664827514
28809186837,672241,2025-01-20,2.291114742098884
28809186837,672241,2025-01-27,1.7910566322910546
28809186837,672241,2025-02-03,1.7910232520755978
28809186837,672241,2025-02-10,1.7909943445743812
28809186837,672241,2025-02-17,1.79097182522408
28809186837,672241,2025-02-24,1.790958797815628
28809186837,672241,2025-03-03,1.7909608933114858
28809187395,672241,2024-11-25,0.02884291842399031
28809187395,672241,2024-12-02,0.028842360752295237
28809187395,672241,2024-12-09,0.028841705961982683
28809187395,672241,2024-12-16,0.028841857136971183
28809187395,672241,2024-12-23,0.5288528186093935
28809187395,672241,2024-12-30,0.028841872156688597
28809187395,672241,2025-01-06,0.5288526756739407
28809187395,672241,2025-01-13,0.028841489329811176
28809187395,672241,2025-01-20,0.02884149553068216
28809187395,672241,2025-01-27,0.5288307239489685
28809187395,672241,2025-02-03,0.028842190675425927
28809187395,672241,2025-02-10,0.02884282541117647
28809187395,672241,2025-02-17,0.028843288739959755
28809187395,672241,2025-02-24,0.5288322721122641
28809187395,672241,2025-03-03,0.028843263232491284
28809187852,672241,2024-11-25,0.028841244872629346
28809187852,672241,2024-12-02,0.028840428044176317
28809187852,672241,2024-12-09,0.02883936904628448
28809187852,672241,2024-12-16,0.028838095107442757
28809187852,672241,2024-12-23,0.02883666606821414
28809187852,672241,2024-12-30,0.028835112576298047
28809187852,672241,2025-01-06,0.5288388330339159
28809187852,672241,2025-01-13,0.028835584006140932
28809187852,672241,2025-01-20,0.028837781219102243
28809187852,672241,2025-01-27,0.028839618267728573
28809187852,672241,2025-02-03,0.028841283965856543
28809187852,672241,2025-02-10,0.02884260586371952
28809187852,672241,2025-02-17,0.028843604473728884
28809187852,672241,2025-02-24,0.02884449686448888
28809187852,672241,2025-03-03,0.02884506338673702
28809207396,672241,2024-11-25,-0.35153989078920367
28809207396,672241,2024-12-02,-0.351438164730517
28809207396,672241,2024-12-09,-0.3513937433626281
28809207396,672241,2024-12-16,-0.35139106513872465
28809207396,672241,2024-12-23,-0.351402752580418
28809207396,672241,2024-12-30,-0.3514101085524461
28809207396,672241,2025-01-06,-0.3514404984453873
28809207396,672241,2025-01-13,-0.3514366827740484
28809207396,672241,2025-01-20,-0.3513671879886377
28809207396,672241,2025-01-27,-0.35127557358268363
28809207396,672241,2025-02-03,-0.3510460044340726
28809207396,672241,2025-02-10,-0.3507871416288367
28809207396,672241,2025-02-17,-0.35059402397273737
28809207396,672241,2025-02-24,-0.3503652466571331
28809207396,672241,2025-03-03,-0.3501093170085563
28809212359,672241,2024-11-25,5.876658813198731
28809212359,672241,2024-12-02,5.376649085587696
28809212359,672241,2024-12-09,5.376642885667568
28809212359,672241,2024-12-16,5.87663324066856
28809212359,672241,2024-12-23,5.376620910163339
28809212359,672241,2024-12-30,5.376585780060689
28809212359,672241,2025-01-06,5.376550673852646
28809212359,672241,2025-01-13,5.376520327456576
28809212359,672241,2025-01-20,5.8764919504496795
28809212359,672241,2025-01-27,6.876404128182461
28809212359,672241,2025-02-03,5.376298539089898
28809212359,672241,2025-02-10,5.376177844969526
28809212359,672241,2025-02-17,5.376116688056876
28809212359,672241,2025-02-24,5.376062101025086
28809212359,672241,2025-03-03,5.376000578842235
28809285342,672241,2024-11-25,-2.163449309331255
28809285342,672241,2024-12-02,-2.353189943919829
28809285342,672241,2024-12-09,-1.5412027292437682
28809285342,672241,2024-12-16,-3.2274258093620793
28809285342,672241,2024-12-23,-3.4119181585603577
28809285342,672241,2024-12-30,-3.5946493391535217
28809285342,672241,2025-01-06,-3.7756201802664235
28809285342,672241,2025-01-13,-3.954829694451548
28809285342,672241,2025-01-20,-3.132267486541814
28809285342,672241,2025-01-27,-4.307959692278383
28809285342,672241,2025-02-03,-4.481874590900331
28809285342,672241,2025-02-10,-4.654031366471457
28809285342,672241,2025-02-17,-4.824430924168667
28809285342,672241,2025-02-24,-4.993071404404322
28809285342,672241,2025-03-03,-5.1599538419548
28809472364,672241,2024-11-25,0.6372140607137156
28809472364,672241,2024-12-02,0.1240644288540647
28809472364,672241,2024-12-09,0.611061143697136
28809472364,672241,2024-12-16,0.0981926079971744
28809472364,672241,2024-12-23,0.08546663571568376
28809472364,672241,2024-12-30,0.5728846399168767
28809472364,672241,2025-01-06,0.06043751053132307
28809472364,672241,2025-01-13,0.04813296616984046
28809472364,672241,2025-01-20,0.035968458159206254
28809472364,672241,2025-01-27,0.023944043671681486
28809472364,672241,2025-02-03,0.01205957125703247
28809472364,672241,2025-02-10,0.00031497656143114616
28809472364,672241,2025-02-17,0.4887140875726294
28809472364,672241,2025-02-24,-0.022752325316435465
28809472364,672241,2025-03-03,-0.03407653370895877
28809487326,672241,2024-11-25,0.4303145908977577
28809487326,672241,2024-12-02,0.4308564675170885
28809487326,672241,2024-12-09,0.43130737038220096
28809487326,672241,2024-12-16,0.9316337364449516
28809487326,672241,2024-12-23,0.9319688099209372
28809487326,672241,2024-12-30,0.43231521571888115
28809487326,672241,2025-01-06,0.4325468689950909
28809487326,672241,2025-01-13,0.4327077545748522
28809487326,672241,2025-01-20,0.4327991345080596
28809487326,672241,2025-01-27,0.43281954246383725
28809487326,672241,2025-02-03,0.432775568297756
28809487326,672241,2025-02-10,2.432529343776423
28809487326,672241,2025-02-17,0.43274815445265424
28809487326,672241,2025-02-24,0.4327771096280028
28809487326,672241,2025-03-03,0.93272826880647
28809487836,672241,2024-11-25,-4.9676970993728364e-05
28809487836,672241,2024-12-02,0.49998969867723
28809487836,672241,2024-12-09,-1.3367783358267382e-05
28809487836,672241,2024-12-16,1.0000015662002033
28809487836,672241,2024-12-23,1.2251811500024745e-05
28809487836,672241,2024-12-30,1.8224519444505483e-05
28809487836,672241,2025-01-06,1.903768063178657e-05
28809487836,672241,2025-01-13,1.4772523153072648e-05
28809487836,672241,2025-01-20,6.6986085439230125e-06
28809487836,672241,2025-01-27,-3.719679330813075e-06
28809487836,672241,2025-02-03,-1.5739957950025585e-05
28809487836,672241,2025-02-10,-2.851476613240783e-05
28809487836,672241,2025-02-17,-4.061283576773517e-05
28809487836,672241,2025-02-24,-5.107985289041356e-05
28809487836,672241,2025-03-03,-5.916386564824849e-05
28809488890,672241,2024-11-25,-0.05608287925864887
28809488890,672241,2024-12-02,-0.05622770827971306
28809488890,672241,2024-12-09,-0.05636044357823246
28809488890,672241,2024-12-16,-0.056482306860533606
28809488890,672241,2024-12-23,-0.05659425306188828
28809488890,672241,2024-12-30,-0.05669722524627274
28809488890,672241,2025-01-06,-0.056792087812330576
28809488890,672241,2025-01-13,-0.05687959299452648
28809488890,672241,2025-01-20,-0.056960431201781625
28809488890,672241,2025-01-27,-0.05703520788620787
28809488890,672241,2025-02-03,-0.05710450625528596
28809488890,672241,2025-02-10,-0.05716886228590025
28809488890,672241,2025-02-17,-0.05722869977479734
28809488890,672241,2025-02-24,-0.057284455558804875
28809488890,672241,2025-03-03,-0.05733647798577014
28809489369,672241,2024-11-25,2.1061006786533643
28809489369,672241,2024-12-02,1.6054309857099476
28809489369,672241,2024-12-09,0.605729395926585
28809489369,672241,2024-12-16,1.6053329796130806
28809489369,672241,2024-12-23,0.6054820618695083
28809489369,672241,2024-12-30,1.6056635770238774
28809489369,672241,2025-01-06,2.1053848426038533
28809489369,672241,2025-01-13,0.6055667306292022
28809489369,672241,2025-01-20,1.1054723451978417
28809489369,672241,2025-01-27,1.105467132311444
28809489369,672241,2025-02-03,1.1055391180454015
28809489369,672241,2025-02-10,1.6051763313416163
28809489369,672241,2025-02-17,4.1057898661670755
28809489369,672241,2025-02-24,1.1056814177653065
28809489369,672241,2025-03-03,0.6059495185521976
28809490329,672241,2024-11-25,-0.09282673790479201
28809490329,672241,2024-12-02,0.4071983386842573
28809490329,672241,2024-12-09,0.4072105120885526
28809490329,672241,2024-12-16,0.40720171958118645
28809490329,672241,2024-12-23,-0.09272028744331556
28809490329,672241,2024-12-30,3.9073896095596634
28809490329,672241,2025-01-06,1.4073775632875531
28809490329,672241,2025-01-13,2.407338786679467
28809490329,672241,2025-01-20,2.4074288118839315
28809490329,672241,2025-01-27,4.407472827810262
28809490329,672241,2025-02-03,-0.09258244937835725
28809490329,672241,2025-02-10,0.40742268505783347
28809490329,672241,2025-02-17,-0.09248864359930414
28809490329,672241,2025-02-24,-0.09244867960521153
28809490329,672241,2025-03-03,-0.09245900486151376
30181290347,672241,2024-11-25,-0.23080106178263787
30181290347,672241,2024-12-02,-0.23078812712032362
30181290347,672241,2024-12-09,0.26921924982025264
30181290347,672241,2024-12-16,-0.23077097375426797
30181290347,672241,2024-12-23,-0.2307665233285352
30181290347,672241,2024-12-30,-0.23076351221325303
30181290347,672241,2025-01-06,-0.23075924236432463
30181290347,672241,2025-01-13,-0.23075862232589087
30181290347,672241,2025-01-20,-0.2307576213259751
30181290347,672241,2025-01-27,-0.23075607405021942
30181290347,672241,2025-02-03,-0.23075640218029486
30181290347,672241,2025-02-10,-0.23075675664248524
30181290347,672241,2025-02-17,-0.230757441290454
30181290347,672241,2025-02-24,-0.2307577137069236
30181290347,672241,2025-03-03,-0.2307588714348771
30182210325,672241,2024-11-25,-0.28846507993076087
30182210325,672241,2024-12-02,-0.28846482333522716
30182210325,672241,2024-12-09,-0.2884645205770249
30182210325,672241,2024-12-16,-0.288464258263723
30182210325,672241,2024-12-23,-0.28846395313963324
30182210325,672241,2024-12-30,-0.2884638867645203
30182210325,672241,2025-01-06,-0.28846368192590854
30182210325,672241,2025-01-13,-0.28846370077167666
30182210325,672241,2025-01-20,-0.2884635656410136
30182210325,672241,2025-01-27,-0.28846352542847825
30182210325,672241,2025-02-03,-0.28846339984442093
30182210325,672241,2025-02-10,-0.28846347311697035
30182210325,672241,2025-02-17,-0.288463434980615
30182210325,672241,2025-02-24,-0.28846350952642963
30182210325,672241,2025-03-03,-0.28846348000907973
30227761388,672241,2024-11-25,0.35556672973410913
30227761388,672241,2024-12-02,-0.14439520177303486
30227761388,672241,2024-12-09,-0.1443769754481083
30227761388,672241,2024-12-16,-0.14437499174725477
30227761388,672241,2024-12-23,-0.14438730620309626
30227761388,672241,2024-12-30,-0.14441089626398584
30227761388,672241,2025-01-06,-0.14444199868459037
30227761388,672241,2025-01-13,-0.14447725942432288
30227761388,672241,2025-01-20,-0.1445139003020167
30227761388,672241,2025-01-27,-0.14454975247568508
30227761388,672241,2025-02-03,-0.14458323844585552
30227761388,672241,2025-02-10,-0.14461319722580318
30227761388,672241,2025-02-17,-0.1446396522201721
30227761388,672241,2025-02-24,-0.1446631361072277
30227761388,672241,2025-03-03,-0.14468406170782755
30227761828,672241,2024-11-25,2.1145174113954135
30227761828,672241,2024-12-02,-0.3629913405193735
30227761828,672241,2024-12-09,1.6302526884052493
30227761828,672241,2024-12-16,2.597825426662921
30227761828,672241,2024-12-23,-0.7924592579360095
30227761828,672241,2024-12-30,0.6872811051089369
30227761828,672241,2025-01-06,0.7092627481311261
30227761828,672241,2025-01-13,0.24491091071003743
30227761828,672241,2025-01-20,1.241491173174243
30227761828,672241,2025-01-27,4.662273095217784
30227761828,672241,2025-02-03,-0.6947226840165317
30227761828,672241,2025-02-10,0.32799921109484204
30227761828,672241,2025-02-17,0.2796469052204589
30227761828,672241,2025-02-24,0.31300930751898154
30227761828,672241,2025-03-03,-0.6817504055379967
30227763865,672241,2024-11-25,2.1642054407380784
30227763865,672241,2024-12-02,0.6635791821477823
30227763865,672241,2024-12-09,0.6634301535720661
30227763865,672241,2024-12-16,0.6633613286136291
30227763865,672241,2024-12-23,0.663330366611558
30227763865,672241,2024-12-30,0.6633232681423263
30227763865,672241,2025-01-06,0.6633297422379062
30227763865,672241,2025-01-13,0.663339757309734
30227763865,672241,2025-01-20,0.6633506038900143
30227763865,672241,2025-01-27,0.6633717779928436
30227763865,672241,2025-02-03,0.6633901898982848
30227763865,672241,2025-02-10,0.6634018533303737
30227763865,672241,2025-02-17,0.6633990448267629
30227763865,672241,2025-02-24,0.6633774438153753
30227763865,672241,2025-03-03,0.6633741347527577
30227764388,672241,2024-11-25,-0.01065451341233778
30227764388,672241,2024-12-02,0.5415334096673957
30227764388,672241,2024-12-09,-0.013235122070734767
30227764388,672241,2024-12-16,0.43091351803162736
30227764388,672241,2024-12-23,-0.017612043815299197
30227764388,672241,2024-12-30,0.5344161204193884
30227764388,672241,2025-01-06,0.5333434348727517
30227764388,672241,2025-01-13,-0.021102134845527268
30227764388,672241,2025-01-20,-0.022926217023419182
30227764388,672241,2025-01-27,-0.024563829894486924
30227764388,672241,2025-02-03,-0.02606490442205514
30227764388,672241,2025-02-10,-0.027484276684731246
30227764388,672241,2025-02-17,0.41749732187412625
30227764388,672241,2025-02-24,-0.030422005781620673
30227764388,672241,2025-03-03,-0.030706303334244248
30227765347,672241,2024-11-25,-0.05858834029939977
30227765347,672241,2024-12-02,-0.058521729525613964
30227765347,672241,2024-12-09,0.9415430703972888
30227765347,672241,2024-12-16,-0.05839400608887339
30227765347,672241,2024-12-23,0.44160326852826837
30227765347,672241,2024-12-30,-0.05827330215789191
30227765347,672241,2025-01-06,-0.058263860641723314
30227765347,672241,2025-01-13,-0.05825750817332831
30227765347,672241,2025-01-20,-0.05825314733633849
30227765347,672241,2025-01-27,-0.05825285423918061
30227765347,672241,2025-02-03,-0.05825675285484978
30227765347,672241,2025-02-10,-0.058264869260997346
30227765347,672241,2025-02-17,-0.058277107520713065
30227765347,672241,2025-02-24,-0.05828731454177742
30227765347,672241,2025-03-03,-0.05829908010910902
30227766812,672241,2024-11-25,0.26393529964673257
30227766812,672241,2024-12-02,0.3041753250193204
30227766812,672241,2024-12-09,0.30610447317116013
30227766812,672241,2024-12-16,0.3119460045288982
30227766812,672241,2024-12-23,0.3099571624106037
30227766812,672241,2024-12-30,0.3138367800882127
30227766812,672241,2025-01-06,0.3138012937556431
30227766812,672241,2025-01-13,0.31572207834743493
30227766812,672241,2025-01-20,0.31764304262992515
30227766812,672241,2025-01-27,0.3215202835126798
30227766812,672241,2025-02-03,0.32148242990532433
30227766812,672241,2025-02-10,0.32340084946337994
30227766812,672241,2025-02-17,1.3233633678254741
30227766812,672241,2025-02-24,0.30808582467062606
30227766812,672241,2025-03-03,0.20465237183641952
30227767831,672241,2024-11-25,2.4422265250693895
30227767831,672241,2024-12-02,-0.05786191320403217
30227767831,672241,2024-12-09,-0.057842478745329606
30227767831,672241,2024-12-16,-0.057815258550824034
30227767831,672241,2024-12-23,-0.05778358196394931
30227767831,672241,2024-12-30,-0.05775020979301443
30227767831,672241,2025-01-06,-0.05771642244601394
30227767831,672241,2025-01-13,-0.057684252879844244
30227767831,672241,2025-01-20,-0.05765355934311439
30227767831,672241,2025-01-27,0.4423387726345092
30227767831,672241,2025-02-03,-0.057605384469601784
30227767831,672241,2025-02-10,-0.05758646590870073
30227767831,672241,2025-02-17,-0.057571548886097806
30227767831,672241,2025-02-24,-0.05756221023201344
30227767831,672241,2025-03-03,0.442407752273672
30227768349,672241,2024-11-25,0.9043605685856037
30227768349,672241,2024-12-02,0.9045574264587971
30227768349,672241,2024-12-09,0.9042152671323292
30227768349,672241,2024-12-16,0.40425275844976144
30227768349,672241,2024-12-23,0.40414098929331654
30227768349,672241,2024-12-30,0.40402824333495047
30227768349,672241,2025-01-06,0.4038935881542961
30227768349,672241,2025-01-13,0.40376043564474295
30227768349,672241,2025-01-20,0.403615365417034
30227768349,672241,2025-01-27,0.4034646715862263
30227768349,672241,2025-02-03,0.9034544768191051
30227768349,672241,2025-02-10,0.9033326621329787
30227768349,672241,2025-02-17,0.40308751918485675
30227768349,672241,2025-02-24,0.402973508232663
30227768349,672241,2025-03-03,1.403145983054264
30227768888,672241,2024-11-25,-0.0001728817937257099
30227768888,672241,2024-12-02,-0.0004214684312813799
30227768888,672241,2024-12-09,-0.000614468021108594
30227768888,672241,2024-12-16,-0.0008059418729097212
30227768888,672241,2024-12-23,-0.0009356038557368218
30227768888,672241,2024-12-30,-0.0009729600539032379
30227768888,672241,2025-01-06,-0.0010334135203766692
30227768888,672241,2025-01-13,-0.0011933864993027288
30227768888,672241,2025-01-20,-0.0013486921020270937
30227768888,672241,2025-01-27,-0.0013666130582911662
30227768888,672241,2025-02-03,-0.0012846695264741026
30227768888,672241,2025-02-10,-0.0011694468378706802
30227768888,672241,2025-02-17,-0.00122637349787863
30227768888,672241,2025-02-24,-0.001379484945380094
30227768888,672241,2025-03-03,-0.0014739433751698172
30227769326,672241,2024-11-25,-0.6186112863242043
30227769326,672241,2024-12-02,-0.10137562822172716
30227769326,672241,2024-12-09,1.415125296650423
30227769326,672241,2024-12-16,-0.5691471468855464
30227769326,672241,2024-12-23,-0.05406900233683838
30227769326,672241,2024-12-30,1.9603551813327065
30227769326,672241,2025-01-06,-0.5259656810635738
30227769326,672241,2025-01-13,-0.5129104188626997
30227769326,672241,2025-01-20,-0.5004958567145605
30227769326,672241,2025-01-27,0.5112841813373499
30227769326,672241,2025-02-03,1.022390698442804
30227769326,672241,2025-02-10,0.03279842886069129
30227769326,672241,2025-02-17,-0.9574641305330847
30227769326,672241,2025-02-24,-0.9483765983242103
30227769326,672241,2025-03-03,-0.9399572486078229
30227769849,672241,2024-11-25,0.6147678946724362
30227769849,672241,2024-12-02,0.11472072361878023
30227769849,672241,2024-12-09,0.6154149098433179
30227769849,672241,2024-12-16,0.615116098368884
30227769849,672241,2024-12-23,0.11581857040113741
30227769849,672241,2024-12-30,1.1154192094994713
30227769849,672241,2025-01-06,0.11628053088768012
30227769849,672241,2025-01-13,0.6160385687795609
30227769849,672241,2025-01-20,0.11642719703635337
30227769849,672241,2025-01-27,0.11644806118883613
30227769849,672241,2025-02-03,1.1157327705875235
30227769849,672241,2025-02-10,0.11626766492798088
30227769849,672241,2025-02-17,0.6164298776766571
30227769849,672241,2025-02-24,0.11596377465254554
30227769849,672241,2025-03-03,0.11586610033106481
30323747828,672241,2024-11-25,-0.3077155121105516
30323747828,672241,2024-12-02,-0.3170212872536678
30323747828,672241,2024-12-09,-0.32619491592780414
30323747828,672241,2024-12-16,-0.33523623117451684
30323747828,672241,2024-12-23,0.15585250922464544
30323747828,672241,2024-12-30,-0.352923884147883
30323747828,672241,2025-01-06,-0.36157019567671667
30323747828,672241,2025-01-13,-0.3700844100214609
30323747828,672241,2025-01-20,-0.3784664953314284
30323747828,672241,2025-01-27,-0.38671668262239456
30323747828,672241,2025-02-03,-0.39483480275183896
30323747828,672241,2025-02-10,-0.40282110191052656
30323747828,672241,2025-02-17,-0.41067567326689774
30323747828,672241,2025-02-24,-0.4183984955606383
30323747828,672241,2025-03-03,-0.4259896844495763
30323761316,672241,2024-11-25,0.0657441665625189
30323761316,672241,2024-12-02,1.0657791470034135
30323761316,672241,2024-12-09,0.06574769892438224
30323761316,672241,2024-12-16,0.06574343161831944
30323761316,672241,2024-12-23,0.5657570835463566
30323761316,672241,2024-12-30,0.06574349406466957
30323761316,672241,2025-01-06,0.06574457288267863
30323761316,672241,2025-01-13,0.06574645542421392
30323761316,672241,2025-01-20,0.06574653670220323
30323761316,672241,2025-01-27,0.06574408289310794
30323761316,672241,2025-02-03,0.06573939888480007
30323761316,672241,2025-02-10,0.06573310346033545
30323761316,672241,2025-02-17,0.06572568045248842
30323761316,672241,2025-02-24,0.06571801943347783
30323761316,672241,2025-03-03,0.06571103221032908
30323764884,672241,2024-11-25,-0.09700429016320541
30323764884,672241,2024-12-02,-0.09698142606838889
30323764884,672241,2024-12-09,-0.09698212648883833
30323764884,672241,2024-12-16,-0.0969840170578668
30323764884,672241,2024-12-23,-0.096983029755804
30323764884,672241,2024-12-30,0.9029667630220168
30323764884,672241,2025-01-06,-0.0970037791642637
30323764884,672241,2025-01-13,-0.09701800337752375
30323764884,672241,2025-01-20,-0.09701639455064534
30323764884,672241,2025-01-27,-0.09700016675558554
30323764884,672241,2025-02-03,-0.09699616907849687
30323764884,672241,2025-02-10,-0.09700761630562688
30323764884,672241,2025-02-17,-0.09702310940143924
30323764884,672241,2025-02-24,-0.09702775299057825
30323764884,672241,2025-03-03,-0.09703103971445082
31260538389,672241,2024-11-25,-0.02884611523145414
31260538389,672241,2024-12-02,-0.02885197126548966
31260538389,672241,2024-12-09,-0.02885670373275422
31260538389,672241,2024-12-16,-0.028860381004910562
31260538389,672241,2024-12-23,-0.028863054220163407
31260538389,672241,2024-12-30,-0.02886478670535418
31260538389,672241,2025-01-06,-0.02886564501844183
31260538389,672241,2025-01-13,-0.028865659476173675
31260538389,672241,2025-01-20,-0.028864908984314618
31260538389,672241,2025-01-27,-0.028863408483993595
31260538389,672241,2025-02-03,-0.02886122513675258
31260538389,672241,2025-02-10,-0.02885878191343198
31260538389,672241,2025-02-17,-0.028855867754509133
31260538389,672241,2025-02-24,-0.028852222412345203
31260538389,672241,2025-03-03,-0.02884828826296988
31260608522,672241,2024-11-25,-0.04492401964337116
31260608522,672241,2024-12-02,-0.055132346885611486
31260608522,672241,2024-12-09,0.934792478174907
31260608522,672241,2024-12-16,0.4248527398747475
31260608522,672241,2024-12-23,0.4150448466597889
31260608522,672241,2024-12-30,0.905372622887356
31260608522,672241,2025-01-06,-0.10417181181924548
31260608522,672241,2025-01-13,-0.11357901673678848
31260608522,672241,2025-01-20,-0.12285193509178277
31260608522,672241,2025-01-27,-0.13199035196501113
31260608522,672241,2025-02-03,-0.1409940929915411
31260608522,672241,2025-02-10,-0.14986309908411705
31260608522,672241,2025-02-17,-0.1585973229515701
31260608522,672241,2025-02-24,-0.16719680104288687
31260608522,672241,2025-03-03,-0.17566151344871678
31298226737,672241,2024-11-25,0.14108032764688389
31298226737,672241,2024-12-02,8.615668991920636
31298226737,672241,2024-12-09,0.08997585766917458
31298226737,672241,2024-12-16,0.06520868625088883
31298226737,672241,2024-12-23,0.04096067628444057
31298226737,672241,2024-12-30,0.017233944246467875
31298226737,672241,2025-01-06,-0.005972446510424938
31298226737,672241,2025-01-13,-0.028660553162569435
31298226737,672241,2025-01-20,-0.050830782775047954
31298226737,672241,2025-01-27,-0.07248068869903189
31298226737,672241,2025-02-03,-0.0936111933474677
31298226737,672241,2025-02-10,-0.11422451748577635
31298226737,672241,2025-02-17,-0.13431939896575584
31298226737,672241,2025-02-24,-0.1538970314288018
31298226737,672241,2025-03-03,-0.17295340067253906
31299041897,672241,2024-11-25,-0.08654909768724085
31299041897,672241,2024-12-02,-0.08654859711305407
31299041897,672241,2024-12-09,-0.08654765641836473
31299041897,672241,2024-12-16,-0.08654713514011855
31299041897,672241,2024-12-23,-0.08654704320432233
31299041897,672241,2024-12-30,-0.08654695430401528
31299041897,672241,2025-01-06,-0.08654686044028206
31299041897,672241,2025-01-13,-0.08654677150575699
31299041897,672241,2025-01-20,-0.08654667762360713
31299041897,672241,2025-01-27,-0.08654658381554675
31299041897,672241,2025-02-03,-0.08654605824933592
31299041897,672241,2025-02-10,-0.08654553891214174
31299041897,672241,2025-02-17,-0.08654544989684443
31299041897,672241,2025-02-24,-0.08654536872010038
31299041897,672241,2025-03-03,-0.08654528448056517
31305483427,672241,2024-11-25,0.7692652195788116
31305483427,672241,2024-12-02,1.2692450306214735
31305483427,672241,2024-12-09,-0.2307669924008702
31305483427,672241,2024-12-16,-0.23077321650565627
31305483427,672241,2024-12-23,-0.2307774968362087
31305483427,672241,2024-12-30,-0.23078026142677852
31305483427,672241,2025-01-06,1.269214879798605
31305483427,672241,2025-01-13,-0.23078695410039052
31305483427,672241,2025-01-20,-0.23079110757132848
31305483427,672241,2025-01-27,-0.2307937988135566
31305483427,672241,2025-02-03,0.26920125087057434
31305483427,672241,2025-02-10,0.7692070725412846
31305483427,672241,2025-02-17,0.7692072708930242
31305483427,672241,2025-02-24,-0.23078331320506063
31305483427,672241,2025-03-03,-0.2307721798863893
31306190523,672241,2024-11-25,-0.11518293753116636
31306190523,672241,2024-12-02,-0.11520496691087603
31306190523,672241,2024-12-09,-0.11522124203557504
31306190523,672241,2024-12-16,0.3845522853276053
31306190523,672241,2024-12-23,0.3844964493778169
31306190523,672241,2024-12-30,0.38439602365277986
31306190523,672241,2025-01-06,0.3846826291513524
31306190523,672241,2025-01-13,0.3845943260012208
31306190523,672241,2025-01-20,-0.11565417516823887
31306190523,672241,2025-01-27,0.8843180854926852
31306190523,672241,2025-02-03,0.38451148022393644
31306190523,672241,2025-02-10,0.8843291975057394
31306190523,672241,2025-02-17,-0.1156326765789796
31306190523,672241,2025-02-24,-0.11558531195347777
31306190523,672241,2025-03-03,0.38468367182137164
31307128374,672241,2024-11-25,0.0
31307128374,672241,2024-12-02,0.0
31307128374,672241,2024-12-09,0.0
31307128374,672241,2024-12-16,0.0
31307128374,672241,2024-12-23,0.0
31307128374,672241,2024-12-30,0.0
31307128374,672241,2025-01-06,0.0
31307128374,672241,2025-01-13,0.0
31307128374,672241,2025-01-20,0.0
31307128374,672241,2025-01-27,0.0
31307128374,672241,2025-02-03,0.0
31307128374,672241,2025-02-10,0.0
31307128374,672241,2025-02-17,0.0
31307128374,672241,2025-02-24,0.0
31307128374,672241,2025-03-03,0.0
31307219296,672241,2024-11-25,0.0
31307219296,672241,2024-12-02,0.0
31307219296,672241,2024-12-09,0.0
31307219296,672241,2024-12-16,0.0
31307219296,672241,2024-12-23,0.0
31307219296,672241,2024-12-30,0.0
31307219296,672241,2025-01-06,0.0
31307219296,672241,2025-01-13,0.0
31307219296,672241,2025-01-20,0.0
31307219296,672241,2025-01-27,0.0
31307219296,672241,2025-02-03,0.0
31307219296,672241,2025-02-10,0.0
31307219296,672241,2025-02-17,0.0
31307219296,672241,2025-02-24,0.0
31307219296,672241,2025-03-03,0.0
31315209729,672241,2024-11-25,0.5161432762027087
31315209729,672241,2024-12-02,0.016683588223063484
31315209729,672241,2024-12-09,0.5167808025597845
31315209729,672241,2024-12-16,1.516880189903387
31315209729,672241,2024-12-23,1.5171166739810442
31315209729,672241,2024-12-30,1.5171385112172777
31315209729,672241,2025-01-06,0.01730233378997001
31315209729,672241,2025-01-13,0.017181518709725396
31315209729,672241,2025-01-20,0.5172501556892714
31315209729,672241,2025-01-27,0.017140616038476164
31315209729,672241,2025-02-03,-1.482368200410986
31315209729,672241,2025-02-10,2.017361420833112
31315209729,672241,2025-02-17,2.0174728487962232
31315209729,672241,2025-02-24,0.01752198113991059
31315209729,672241,2025-03-03,0.017122883960255464
31376582820,672241,2024-11-25,-3.550303324035414e-05
31376582820,672241,2024-12-02,-3.42788273356813e-05
31376582820,672241,2024-12-09,-3.348306455870295e-05
31376582820,672241,2024-12-16,-3.264019320593434e-05
31376582820,672241,2024-12-23,-3.1763008051799435e-05
31376582820,672241,2024-12-30,-3.083698053636674e-05
31376582820,672241,2025-01-06,-2.9872945145330287e-05
31376582820,672241,2025-01-13,-2.8861687072289505e-05
31376582820,672241,2025-01-20,0.4999963090883599
31376582820,672241,2025-01-27,-2.743263977006069e-05
31376582820,672241,2025-02-03,-2.7026680519733753e-05
31376582820,672241,2025-02-10,-2.6571471618580533e-05
31376582820,672241,2025-02-17,-2.607668067268129e-05
31376582820,672241,2025-02-24,-2.553196198544147e-05
31376582820,672241,2025-03-03,-2.4956388073527763e-05
31376614032,672241,2024-11-25,2.171359656002567
31376614032,672241,2024-12-02,-0.35243164312485575
31376614032,672241,2024-12-09,-0.3756943561435332
31376614032,672241,2024-12-16,-0.3984899276392062
31376614032,672241,2024-12-23,0.07920001993565573
31376614032,672241,2024-12-30,-0.44265979788747856
31376614032,672241,2025-01-06,-0.46402856551181487
31376614032,672241,2025-01-13,-0.4849184357435554
31376614032,672241,2025-01-20,-0.5053293840895223
31376614032,672241,2025-01-27,-0.525261218020819
31376614032,672241,2025-02-03,-0.5447150708910848
31376614032,672241,2025-02-10,-0.5636914188433888
31376614032,672241,2025-02-17,-0.5821915548621812
31376614032,672241,2025-02-24,-0.6002163136959733
31376614032,672241,2025-03-03,-0.6177657731800728
31603725134,672241,2024-11-25,-6.322585979547233
31603725134,672241,2024-12-02,-2.8222135935620485
31603725134,672241,2024-12-09,-5.822153403491486
31603725134,672241,2024-12-16,-6.321982758519008
31603725134,672241,2024-12-23,-7.32182258250857
31603725134,672241,2024-12-30,-7.321590532246791
31603725134,672241,2025-01-06,-7.321248217839161
31603725134,672241,2025-01-13,-7.320891591229291
31603725134,672241,2025-01-20,-7.320612974485703
31603725134,672241,2025-01-27,-6.820405979485839
31603725134,672241,2025-02-03,-6.820164517044851
31603725134,672241,2025-02-10,-7.319930075023035
31603725134,672241,2025-02-17,-5.819785064030902
31603725134,672241,2025-02-24,-6.819526175745537
31603725134,672241,2025-03-03,-6.819362524005879
31698186711,672241,2024-11-25,-0.39738631402750313
31698186711,672241,2024-12-02,-0.3973883401423984
31698186711,672241,2024-12-09,0.1026097300380078
31698186711,672241,2024-12-16,0.10262267396398642
31698186711,672241,2024-12-23,-0.3973529103310346
31698186711,672241,2024-12-30,0.6026679907913433
31698186711,672241,2025-01-06,-0.39732269056839176
31698186711,672241,2025-01-13,-0.397309008275714
31698186711,672241,2025-01-20,-0.3972904138408057
31698186711,672241,2025-01-27,0.10272243325868355
31698186711,672241,2025-02-03,0.10273360083733142
31698186711,672241,2025-02-10,0.10274337574264578
31698186711,672241,2025-02-17,0.10275289487001096
31698186711,672241,2025-02-24,-0.39724158087920386
31698186711,672241,2025-03-03,-0.39724698141103665
32527221461,672241,2024-11-25,3.214340479712474e-05
32527221461,672241,2024-12-02,2.329489688635694e-05
32527221461,672241,2024-12-09,1.5686452393658123e-05
32527221461,672241,2024-12-16,9.295590752293748e-06
32527221461,672241,2024-12-23,3.8926683863863e-06
32527221461,672241,2024-12-30,-7.149400682790463e-07
32527221461,672241,2025-01-06,-4.5163945695952945e-06
32527221461,672241,2025-01-13,-7.626476596855891e-06
32527221461,672241,2025-01-20,-1.0130507029346147e-05
32527221461,672241,2025-01-27,-1.2084375292702176e-05
32527221461,672241,2025-02-03,-1.392882757789149e-05
32527221461,672241,2025-02-10,-1.559681715695982e-05
32527221461,672241,2025-02-17,-1.691505168199825e-05
32527221461,672241,2025-02-24,-1.815173732744313e-05
32527221461,672241,2025-03-03,-1.9406729360960107e-05
32527222047,672241,2024-11-25,1.000283278519709
32527222047,672241,2024-12-02,1.0002282226520012
32527222047,672241,2024-12-09,1.0001234667130456
32527222047,672241,2024-12-16,1.0001287214993047
32527222047,672241,2024-12-23,0.5002459895305327
32527222047,672241,2024-12-30,0.5003112706683788
32527222047,672241,2025-01-06,1.000239984366936
32527222047,672241,2025-01-13,0.5000540490408218
32527222047,672241,2025-01-20,0.49989682871736396
32527222047,672241,2025-01-27,1.4998918321359382
32527222047,672241,2025-02-03,1.4998304750427018
32527222047,672241,2025-02-10,0.9996832275554073
32527222047,672241,2025-02-17,0.9993683358468645
32527222047,672241,2025-02-24,0.4990725981761617
32527222047,672241,2025-03-03,0.4988640732186289
32527222347,672241,2024-11-25,0.28846141432050393
32527222347,672241,2024-12-02,0.2885293724886754
32527222347,672241,2024-12-09,0.788463608009206
32527222347,672241,2024-12-16,0.28854038795579967
32527222347,672241,2024-12-23,0.2885067851901854
32527222347,672241,2024-12-30,0.7883734590977951
32527222347,672241,2025-01-06,0.28840735404239415
32527222347,672241,2025-01-13,0.28834553959843146
32527222347,672241,2025-01-20,0.28829518107919283
32527222347,672241,2025-01-27,0.2882587495146965
32527222347,672241,2025-02-03,0.2882383792329129
32527222347,672241,2025-02-10,0.28822512516831367
32527222347,672241,2025-02-17,0.2882210249190642
32527222347,672241,2025-02-24,0.288237922939238
32527222347,672241,2025-03-03,0.28826993290358005
32643461542,672241,2024-11-25,0.29804849144752593
32643461542,672241,2024-12-02,0.798036536627891
32643461542,672241,2024-12-09,0.2980566124829553
32643461542,672241,2024-12-16,0.7980433330908627
32643461542,672241,2024-12-23,-0.20194313137526598
32643461542,672241,2024-12-30,-0.20194086659474103
32643461542,672241,2025-01-06,-0.20193897059637567
32643461542,672241,2025-01-13,0.29806783225810607
32643461542,672241,2025-01-20,-0.20193641489507985
32643461542,672241,2025-01-27,2.798097626368613
32643461542,672241,2025-02-03,0.29807080083256937
32643461542,672241,2025-02-10,-0.20193440414925407
32643461542,672241,2025-02-17,-0.20193451981442018
32643461542,672241,2025-02-24,-0.2019342451979101
32643461542,672241,2025-03-03,-0.20193434660779652
32644385273,672241,2024-11-25,0.40154350384114257
32644385273,672241,2024-12-02,0.40171619780061807
32644385273,672241,2024-12-09,0.40189012130254365
32644385273,672241,2024-12-16,0.9021027373426953
32644385273,672241,2024-12-23,0.9022938097079094
32644385273,672241,2024-12-30,0.40246647268803154
32644385273,672241,2025-01-06,0.40268064499155787
32644385273,672241,2025-01-13,2.902699744186082
32644385273,672241,2025-01-20,1.4029358632977353
32644385273,672241,2025-01-27,1.403015019617044
32644385273,672241,2025-02-03,0.40313435680057674
32644385273,672241,2025-02-10,0.9031364147183034
32644385273,672241,2025-02-17,0.40319822792320803
32644385273,672241,2025-02-24,0.4032209986414776
32644385273,672241,2025-03-03,0.40324474905122853
32644501966,672241,2024-11-25,0.2691804478468262
32644501966,672241,2024-12-02,-0.23080385199658413
32644501966,672241,2024-12-09,-0.23078746638710068
32644501966,672241,2024-12-16,0.7692311242956962
32644501966,672241,2024-12-23,-0.2307610489962146
32644501966,672241,2024-12-30,0.26925149986349706
32644501966,672241,2025-01-06,-0.23074261334024207
32644501966,672241,2025-01-13,0.26926070901164206
32644501966,672241,2025-01-20,-0.23073391242031857
32644501966,672241,2025-01-27,0.7692668726729104
32644501966,672241,2025-02-03,0.76927098394897
32644501966,672241,2025-02-10,0.26926734631738675
32644501966,672241,2025-02-17,0.26926074432234076
32644501966,672241,2025-02-24,0.26925731809361136
32644501966,672241,2025-03-03,-0.23074570384836407
32644518750,672241,2024-11-25,-0.8941818961733567
32644518750,672241,2024-12-02,-0.8942333088405832
32644518750,672241,2024-12-09,-0.3942536359449066
32644518750,672241,2024-12-16,-0.3942755884987693
32644518750,672241,2024-12-23,-0.39426714301933646
32644518750,672241,2024-12-30,-0.8942691048431174
32644518750,672241,2025-01-06,-0.8942545098983936
32644518750,672241,2025-01-13,-0.8942358067376155
32644518750,672241,2025-01-20,-0.39422732347122147
32644518750,672241,2025-01-27,-0.8942085489556162
32644518750,672241,2025-02-03,-0.3942011605344268
32644518750,672241,2025-02-10,0.10579873641280807
32644518750,672241,2025-02-17,-0.3942074768618368
32644518750,672241,2025-02-24,-0.8942150167862457
32644518750,672241,2025-03-03,0.10576496679515524
32746043597,672241,2024-11-25,0.1465602524548977
32746043597,672241,2024-12-02,0.1465390164709055
32746043597,672241,2024-12-09,0.14651958287043265
32746043597,672241,2024-12-16,0.14650298522804228
32746043597,672241,2024-12-23,0.14649028052632995
32746043597,672241,2024-12-30,0.14648102923065237
32746043597,672241,2025-01-06,0.1464753229407647
32746043597,672241,2025-01-13,0.1464729417612155
32746043597,672241,2025-01-20,0.14647335285784754
32746043597,672241,2025-01-27,0.14647577930671826
32746043597,672241,2025-02-03,0.1464789668357279
32746043597,672241,2025-02-10,0.14648111279743667
32746043597,672241,2025-02-17,0.14648053454307144
32746043597,672241,2025-02-24,0.14647554385858433
32746043597,672241,2025-03-03,0.14646424583678594
32812905448,672241,2024-11-25,0.12927581590120168
32812905448,672241,2024-12-02,-0.3710362474317918
32812905448,672241,2024-12-09,0.12873278566145488
32812905448,672241,2024-12-16,-0.37230854942168323
32812905448,672241,2024-12-23,-0.3728615514051498
32812905448,672241,2024-12-30,-0.3733463353416802
32812905448,672241,2025-01-06,-0.37377475693565515
32812905448,672241,2025-01-13,-0.37414069029726854
32812905448,672241,2025-01-20,-0.37444628348784564
32812905448,672241,2025-01-27,-0.3746769216337607
32812905448,672241,2025-02-03,-0.37485194155481505
32812905448,672241,2025-02-10,-0.3749823394572224
32812905448,672241,2025-02-17,-0.3750537772486528
32812905448,672241,2025-02-24,-0.37508477438945587
32812905448,672241,2025-03-03,0.6257557563556694
32815784212,672241,2024-11-25,-0.08654745538093137
32815784212,672241,2024-12-02,-0.08654568637041385
32815784212,672241,2024-12-09,-0.086544228460923
32815784212,672241,2024-12-16,-0.08654293992208313
32815784212,672241,2024-12-23,-0.08654177781169514
32815784212,672241,2024-12-30,-0.08654071998109159
32815784212,672241,2025-01-06,-0.08653945761395632
32815784212,672241,2025-01-13,-0.0865382853142114
32815784212,672241,2025-01-20,-0.08653754737992439
32815784212,672241,2025-01-27,-0.08653690799935582
32815784212,672241,2025-02-03,-0.08653636814446619
32815784212,672241,2025-02-10,-0.08653594883033616
32815784212,672241,2025-02-17,-0.08653562226241858
32815784212,672241,2025-02-24,-0.08653507278771913
32815784212,672241,2025-03-03,-0.08653428984777582
33252040650,672241,2024-11-25,0.8365963672337141
33252040650,672241,2024-12-02,-0.16342388203620906
33252040650,672241,2024-12-09,-0.16343817806055488
33252040650,672241,2024-12-16,-0.1634515448836137
33252040650,672241,2024-12-23,-0.16346366612560573
33252040650,672241,2024-12-30,-0.6634768872762684
33252040650,672241,2025-01-06,-0.16348003333379535
33252040650,672241,2025-01-13,-0.1634917945475299
33252040650,672241,2025-01-20,-0.6634900487179625
33252040650,672241,2025-01-27,-0.1634862614658576
33252040650,672241,2025-02-03,-0.6634886187556972
33252040650,672241,2025-02-10,-0.6634858756026609
33252040650,672241,2025-02-17,-0.6634827710391518
33252040650,672241,2025-02-24,-0.1634754719642214
33252040650,672241,2025-03-03,-0.6634757439915984
33258093744,672241,2024-11-25,-0.13144952599618953
33258093744,672241,2024-12-02,-0.23977863324991935
33258093744,672241,2024-12-09,-0.1738477380284515
33258093744,672241,2024-12-16,-0.2383898544628223
33258093744,672241,2024-12-23,0.7667759082594882
33258093744,672241,2024-12-30,1.7192261891717804
33258093744,672241,2025-01-06,-0.26755377474201614
33258093744,672241,2025-01-13,0.7545944650482617
33258093744,672241,2025-01-20,-0.24917816648387386
33258093744,672241,2025-01-27,2.6862840263067733
33258093744,672241,2025-02-03,-0.178082456084589
33258093744,672241,2025-02-10,-0.24262979036138024
33258093744,672241,2025-02-17,-0.21066968566986866
33258093744,672241,2025-02-24,-0.19657563298509725
33258093744,672241,2025-03-03,-0.22626378990930246
33258116228,672241,2024-11-25,1.9181135671353517
33258116228,672241,2024-12-02,0.9179332517165725
33258116228,672241,2024-12-09,-0.08228482368541554
33258116228,672241,2024-12-16,0.41764738906535753
33258116228,672241,2024-12-23,-0.582433285663725
33258116228,672241,2024-12-30,-0.582392345832198
33258116228,672241,2025-01-06,-0.08239618648193389
33258116228,672241,2025-01-13,-0.08244126922838446
33258116228,672241,2025-01-20,0.41746754736946856
33258116228,672241,2025-01-27,-0.5826827009245893
33258116228,672241,2025-02-03,0.4172511562412898
33258116228,672241,2025-02-10,-0.08279524126299916
33258116228,672241,2025-02-17,0.9171888325599732
33258116228,672241,2025-02-24,-0.5827792937858687
33258116228,672241,2025-03-03,-0.5827891641049405
33258136093,672241,2024-11-25,-0.5480913017900846
33258136093,672241,2024-12-02,-0.04808269351892678
33258136093,672241,2024-12-09,-0.04807764551196968
33258136093,672241,2024-12-16,-0.04807537681013558
33258136093,672241,2024-12-23,-0.5480737518234071
33258136093,672241,2024-12-30,0.9519271141411705
33258136093,672241,2025-01-06,-0.5480721424687867
33258136093,672241,2025-01-13,-0.048072149748855646
33258136093,672241,2025-01-20,0.45192787519664057
33258136093,672241,2025-01-27,-0.04807262843703988
33258136093,672241,2025-02-03,0.45192677732838177
33258136093,672241,2025-02-10,-0.04807439046155609
33258136093,672241,2025-02-17,-0.04807521939534587
33258136093,672241,2025-02-24,-0.04807501589460852
33258136093,672241,2025-03-03,0.45192552055239255
33300624449,672241,2024-11-25,-1.835904220830034
33300624449,672241,2024-12-02,-1.3359164396415413
33300624449,672241,2024-12-09,-0.8358749943115985
33300624449,672241,2024-12-16,-1.3358517995696115
33300624449,672241,2024-12-23,-1.3358596366629727
33300624449,672241,2024-12-30,-1.8358744450486293
33300624449,672241,2025-01-06,-1.8358740175708554
33300624449,672241,2025-01-13,-1.8358638613266254
33300624449,672241,2025-01-20,-1.3358732128801356
33300624449,672241,2025-01-27,-0.8359101333917963
33300624449,672241,2025-02-03,-1.835982309274217
33300624449,672241,2025-02-10,-1.3360800430234248
33300624449,672241,2025-02-17,-1.3361753312283118
33300624449,672241,2025-02-24,-1.8362542578391885
33300624449,672241,2025-03-03,-1.8363107081164962
33300985333,672241,2024-11-25,-2.8380383080505447
33300985333,672241,2024-12-02,-4.83807773606595
33300985333,672241,2024-12-09,-4.338146791214864
33300985333,672241,2024-12-16,-2.8381938879577566
33300985333,672241,2024-12-23,-3.338258086412422
33300985333,672241,2024-12-30,-4.838296216700931
33300985333,672241,2025-01-06,-1.8382954303560268
33300985333,672241,2025-01-13,-1.8383309328129744
33300985333,672241,2025-01-20,-3.3383042628573003
33300985333,672241,2025-01-27,-4.338308170636292
33300985333,672241,2025-02-03,-0.8382860742437508
33300985333,672241,2025-02-10,-2.838282566605152
33300985333,672241,2025-02-17,-2.838320458440127
33300985333,672241,2025-02-24,-2.8382968476835106
33300985333,672241,2025-03-03,-2.838345353592941
33571814593,672241,2024-11-25,0.004834288067068315
33571814593,672241,2024-12-02,0.0047629835915423135
33571814593,672241,2024-12-09,0.0047056207288107
33571814593,672241,2024-12-16,0.004660280584286136
33571814593,672241,2024-12-23,0.004598554650368181
33571814593,672241,2024-12-30,0.5044975605408397
33571814593,672241,2025-01-06,0.004410934100717578
33571814593,672241,2025-01-13,0.004309443871264973
33571814593,672241,2025-01-20,0.004249079114295284
33571814593,672241,2025-01-27,0.004281867337588174
33571814593,672241,2025-02-03,0.004327698724485518
33571814593,672241,2025-02-10,1.0043148751720217
33571814593,672241,2025-02-17,1.0044171553713657
33571814593,672241,2025-02-24,1.004513254198402
33571814593,672241,2025-03-03,0.004557401671325567
33750536246,672241,2024-11-25,-0.08656458501624772
33750536246,672241,2024-12-02,-0.08655305606000196
33750536246,672241,2024-12-09,-0.08654325014066737
33750536246,672241,2024-12-16,0.41340410331312794
33750536246,672241,2024-12-23,-0.08653392687377909
33750536246,672241,2024-12-30,-0.08652861572020029
33750536246,672241,2025-01-06,-0.08652362682441232
33750536246,672241,2025-01-13,-0.08651850360225025
33750536246,672241,2025-01-20,0.9133646405554826
33750536246,672241,2025-01-27,-0.08651944268916932
33750536246,672241,2025-02-03,-0.08651982819627521
33750536246,672241,2025-02-10,-0.08652066198766656
33750536246,672241,2025-02-17,0.4134178435681711
33750536246,672241,2025-02-24,-0.08652761863655685
33750536246,672241,2025-03-03,-0.08653101690368298
33750578247,672241,2024-11-25,-0.028852599939296036
33750578247,672241,2024-12-02,0.4711425700386118
33750578247,672241,2024-12-09,-0.028849304013840588
33750578247,672241,2024-12-16,-0.028848720787363627
33750578247,672241,2024-12-23,-0.02884778786520356
33750578247,672241,2024-12-30,-0.028846603554695358
33750578247,672241,2025-01-06,-0.028845420892617116
33750578247,672241,2025-01-13,-0.028844034795959858
33750578247,672241,2025-01-20,-0.02884246712434327
33750578247,672241,2025-01-27,0.47115128058102096
33750578247,672241,2025-02-03,-0.028842231043102712
33750578247,672241,2025-02-10,-0.02884367549585687
33750578247,672241,2025-02-17,-0.02884497194408555
33750578247,672241,2025-02-24,-0.028846102156500172
33750578247,672241,2025-03-03,-0.028847279188006746
33750613973,672241,2024-11-25,0.6154362762971827
33750613973,672241,2024-12-02,1.6154170923566342
33750613973,672241,2024-12-09,0.115419365809462
33750613973,672241,2024-12-16,0.11541169597987522
33750613973,672241,2024-12-23,0.1154026331747876
33750613973,672241,2024-12-30,1.1154102360272133
33750613973,672241,2025-01-06,0.6153971995717645
33750613973,672241,2025-01-13,0.11538712986514948
33750613973,672241,2025-01-20,0.6153940030725698
33750613973,672241,2025-01-27,0.11538652530377747
33750613973,672241,2025-02-03,0.11538687195873554
33750613973,672241,2025-02-10,0.6153790736661005
33750613973,672241,2025-02-17,0.6153944413986008
33750613973,672241,2025-02-24,0.6153956199360869
33750613973,672241,2025-03-03,0.11539162118318891
34126797120,672241,2024-11-25,-27.342194345676155
34126797120,672241,2024-12-02,-59.66930370595356
34126797120,672241,2024-12-09,-76.03358089664671
34126797120,672241,2024-12-16,-112.3832136609154
34126797120,672241,2024-12-23,-140.58639106300913
34126797120,672241,2024-12-30,-155.17250558117226
34126797120,672241,2025-01-06,-191.78135631452426
34126797120,672241,2025-01-13,-203.082705845306
34126797120,672241,2025-01-20,-234.29658130659527
34126797120,672241,2025-01-27,-228.72877666670888
34126797120,672241,2025-02-03,-274.67276062586456
34126797120,672241,2025-02-10,-297.18938931634887
34126797120,672241,2025-02-17,-325.3142853573488
34126797120,672241,2025-02-24,-347.5714412646951
34126797120,672241,2025-03-03,-355.51992702661516
34126805261,672241,2024-11-25,-34.36334105242442
34126805261,672241,2024-12-02,-29.999090067247888
34126805261,672241,2024-12-09,-22.120592345227358
34126805261,672241,2024-12-16,-28.430406518110452
34126805261,672241,2024-12-23,-11.459466015677574
34126805261,672241,2024-12-30,-26.963711219012808
34126805261,672241,2025-01-06,-25.690587879578505
34126805261,672241,2025-01-13,-25.424842275009375
34126805261,672241,2025-01-20,-27.12414175578651
34126805261,672241,2025-01-27,-26.276267558612457
34126805261,672241,2025-02-03,-13.468095801517515
34126805261,672241,2025-02-10,-17.20870130432227
34126805261,672241,2025-02-17,-21.103994089024514
34126805261,672241,2025-02-24,-16.146951836699678
34126805261,672241,2025-03-03,-15.150900583845184
35281682198,672241,2024-11-25,9.744153425937652e-06
35281682198,672241,2024-12-02,6.613381237488558e-06
35281682198,672241,2024-12-09,3.792992663328998e-06
35281682198,672241,2024-12-16,1.2055301161148502e-06
35281682198,672241,2024-12-23,-1.0997854379829475e-06
35281682198,672241,2024-12-30,-3.1651922083320017e-06
35281682198,672241,2025-01-06,-4.9953113976930474e-06
35281682198,672241,2025-01-13,-6.623091538357495e-06
35281682198,672241,2025-01-20,0.49998765950009666
35281682198,672241,2025-01-27,-7.832010526606648e-06
35281682198,672241,2025-02-03,-7.431085556251771e-06
35281682198,672241,2025-02-10,-6.841756400491339e-06
35281682198,672241,2025-02-17,0.499998287320514
35281682198,672241,2025-02-24,-6.464560929453356e-06
35281682198,672241,2025-03-03,-6.676980175548963e-06
35414490964,672241,2024-11-25,9.137280270792937
35414490964,672241,2024-12-02,8.636737154190289
35414490964,672241,2024-12-09,8.136400812361137
35414490964,672241,2024-12-16,10.135690482575068
35414490964,672241,2024-12-23,8.135249647852422
35414490964,672241,2024-12-30,9.634567486236817
35414490964,672241,2025-01-06,10.634088984092905
35414490964,672241,2025-01-13,13.633380247410141
35414490964,672241,2025-01-20,13.132802819545423
35414490964,672241,2025-01-27,8.632088637346568
35414490964,672241,2025-02-03,13.631759608865808
35414490964,672241,2025-02-10,14.630854013342098
35414490964,672241,2025-02-17,10.130312073564898
35414490964,672241,2025-02-24,11.629402230118849
35414490964,672241,2025-03-03,13.128918595398492
35418350431,672241,2024-11-25,-2.392954979533005
35418350431,672241,2024-12-02,-2.392780334815837
35418350431,672241,2024-12-09,-1.8929388550448245
35418350431,672241,2024-12-16,-2.393007524035942
35418350431,672241,2024-12-23,-2.3930277471415984
35418350431,672241,2024-12-30,-2.3931153709947957
35418350431,672241,2025-01-06,-1.393197716867662
35418350431,672241,2025-01-13,-0.8932762684300195
35418350431,672241,2025-01-20,-2.3933615126416656
35418350431,672241,2025-01-27,-1.3934130626309444
35418350431,672241,2025-02-03,-0.3933128306093392
35418350431,672241,2025-02-10,-0.8933572980173696
35418350431,672241,2025-02-17,-0.8931673517659695
35418350431,672241,2025-02-24,-1.8931819961977787
35418350431,672241,2025-03-03,-2.3930029617878428
35760801349,672241,2024-11-25,5.828927063700435
35760801349,672241,2024-12-02,7.329039083605042
35760801349,672241,2024-12-09,5.829199867630817
35760801349,672241,2024-12-16,5.82922771300252
35760801349,672241,2024-12-23,7.329144062570359
35760801349,672241,2024-12-30,4.829109805558028
35760801349,672241,2025-01-06,5.329080221765187
35760801349,672241,2025-01-13,6.82905363838174
35760801349,672241,2025-01-20,4.829122125828715
35760801349,672241,2025-01-27,5.829102775670956
35760801349,672241,2025-02-03,5.3291488633223985
35760801349,672241,2025-02-10,6.329116205407658
35760801349,672241,2025-02-17,6.829221239976712
35760801349,672241,2025-02-24,5.3292357720972365
35760801349,672241,2025-03-03,6.329325432231474
35760801674,672241,2024-11-25,2.9243061435969513
35760801674,672241,2024-12-02,3.921826211369595
35760801674,672241,2024-12-09,2.4194994245899535
35760801674,672241,2024-12-16,1.9170655450413843
35760801674,672241,2024-12-23,1.9150919653870744
35760801674,672241,2024-12-30,1.9136948252147639
35760801674,672241,2025-01-06,2.412802525533157
35760801674,672241,2025-01-13,3.412786222745415
35760801674,672241,2025-01-20,3.912620907634044
35760801674,672241,2025-01-27,2.4123650706810764
35760801674,672241,2025-02-03,3.4120673684638843
35760801674,672241,2025-02-10,3.9122635108445354
35760801674,672241,2025-02-17,3.4133617248746875
35760801674,672241,2025-02-24,2.414149836248048
35760801674,672241,2025-03-03,2.414595478206209
35760801996,672241,2024-11-25,0.5997191906529363
35760801996,672241,2024-12-02,2.0997485420200945
35760801996,672241,2024-12-09,3.099978309545813
35760801996,672241,2024-12-16,1.6000918739850993
35760801996,672241,2024-12-23,1.1002814973079924
35760801996,672241,2024-12-30,0.6004663955196045
35760801996,672241,2025-01-06,0.6005995438553078
35760801996,672241,2025-01-13,0.6007155107494244
35760801996,672241,2025-01-20,1.1007824608426344
35760801996,672241,2025-01-27,1.100957070657692
35760801996,672241,2025-02-03,0.6009958719951982
35760801996,672241,2025-02-10,1.1010917904382245
35760801996,672241,2025-02-17,1.101122197242991
35760801996,672241,2025-02-24,0.6010914387022965
35760801996,672241,2025-03-03,4.100830780593
35760802213,672241,2024-11-25,5.153806983736918
35760802213,672241,2024-12-02,3.1538486643062345
35760802213,672241,2024-12-09,3.153878940915352
35760802213,672241,2024-12-16,3.15388307075299
35760802213,672241,2024-12-23,3.653912954397626
35760802213,672241,2024-12-30,2.653897310695656
35760802213,672241,2025-01-06,4.653921489849783
35760802213,672241,2025-01-13,3.1538748493729196
35760802213,672241,2025-01-20,2.6538653180183545
35760802213,672241,2025-01-27,3.1538462255627433
35760802213,672241,2025-02-03,4.153831663167005
35760802213,672241,2025-02-10,5.153821488461395
35760802213,672241,2025-02-17,4.653800232451446
35760802213,672241,2025-02-24,3.6537639835866695
35760802213,672241,2025-03-03,4.653789265003818
35760802537,672241,2024-11-25,0.4366947250299146
35760802537,672241,2024-12-02,2.4367764571490524
35760802537,672241,2024-12-09,1.936794516734543
35760802537,672241,2024-12-16,0.4367833385227723
35760802537,672241,2024-12-23,0.43680265243858596
35760802537,672241,2024-12-30,0.436811733029018
35760802537,672241,2025-01-06,0.43681267841683247
35760802537,672241,2025-01-13,0.4368083182220161
35760802537,672241,2025-01-20,0.43680052068951764
35760802537,672241,2025-01-27,0.9368054934775829
35760802537,672241,2025-02-03,0.4367853962513592
35760802537,672241,2025-02-10,0.4367795174967951
35760802537,672241,2025-02-17,0.43677446063407327
35760802537,672241,2025-02-24,0.9367845752448368
35760802537,672241,2025-03-03,0.43677130450623036
35760802857,672241,2024-11-25,0.6218026992391668
35760802857,672241,2024-12-02,0.1485340341379214
35760802857,672241,2024-12-09,0.1502631466692902
35760802857,672241,2024-12-16,0.6771010362849093
35760802857,672241,2024-12-23,0.15253675239822853
35760802857,672241,2024-12-30,0.15262454185177546
35760802857,672241,2025-01-06,0.1525883650551826
35760802857,672241,2025-01-13,0.6782317937869218
35760802857,672241,2025-01-20,0.6778450189344987
35760802857,672241,2025-01-27,0.6261462821307366
35760802857,672241,2025-02-03,0.15090917084908217
35760802857,672241,2025-02-10,0.6756188367463384
35760802857,672241,2025-02-17,0.1490460051835532
35760802857,672241,2025-02-24,0.622918771319861
35760802857,672241,2025-03-03,0.1474962807557381
35760803117,672241,2024-11-25,-0.08908868047056896
35760803117,672241,2024-12-02,-0.09764078858223582
35760803117,672241,2024-12-09,-0.10608255265182653
35760803117,672241,2024-12-16,0.3855959383375191
35760803117,672241,2024-12-23,-0.12262976061615008
35760803117,672241,2024-12-30,-0.13073338468681794
35760803117,672241,2025-01-06,1.3612494967693827
35760803117,672241,2025-01-13,-0.14660558418624053
35760803117,672241,2025-01-20,-0.15437469472579074
35760803117,672241,2025-01-27,0.3379615662669664
35760803117,672241,2025-02-03,-0.16957049728414625
35760803117,672241,2025-02-10,-0.17699575546113588
35760803117,672241,2025-02-17,-0.18430442662665875
35760803117,672241,2025-02-24,-0.19149565937208185
35760803117,672241,2025-03-03,-0.19856918272767438
35760803493,672241,2024-11-25,-8.094738395140327e-06
35760803493,672241,2024-12-02,-7.917350214915742e-06
35760803493,672241,2024-12-09,-7.76801831292584e-06
35760803493,672241,2024-12-16,-7.636855873710546e-06
35760803493,672241,2024-12-23,-7.528763975452046e-06
35760803493,672241,2024-12-30,-7.436036180905048e-06
35760803493,672241,2025-01-06,-7.36513629382915e-06
35760803493,672241,2025-01-13,-7.308065661973395e-06
35760803493,672241,2025-01-20,-7.26389701751276e-06
35760803493,672241,2025-01-27,-7.23420201000427e-06
35760803493,672241,2025-02-03,-7.2143811141005265e-06
35760803493,672241,2025-02-10,-7.205519767752855e-06
35760803493,672241,2025-02-17,-7.408837573517901e-06
35760803493,672241,2025-02-24,-7.620356517853283e-06
35760803493,672241,2025-03-03,-7.635559601315567e-06
35760803736,672241,2024-11-25,0.11537521412447624
35760803736,672241,2024-12-02,0.11538785462741914
35760803736,672241,2024-12-09,0.1153962363786466
35760803736,672241,2024-12-16,0.6154261894469241
35760803736,672241,2024-12-23,0.11540929730125093
35760803736,672241,2024-12-30,0.11541482935563835
35760803736,672241,2025-01-06,0.11541778035176341
35760803736,672241,2025-01-13,0.11541849404942112
35760803736,672241,2025-01-20,0.11541765263957485
35760803736,672241,2025-01-27,0.11541514608137007
35760803736,672241,2025-02-03,0.1154107856352745
35760803736,672241,2025-02-10,0.11540519498783691
35760803736,672241,2025-02-17,0.11539846073768384
35760803736,672241,2025-02-24,0.11539067726901604
35760803736,672241,2025-03-03,0.11538191208723877
35760804010,672241,2024-11-25,-0.4343173327042836
35760804010,672241,2024-12-02,-0.43432112566034253
35760804010,672241,2024-12-09,-0.43432079012179314
35760804010,672241,2024-12-16,-0.43431856261517976
35760804010,672241,2024-12-23,-0.43431380157652344
35760804010,672241,2024-12-30,-0.43430344598061243
35760804010,672241,2025-01-06,-0.4342822068388308
35760804010,672241,2025-01-13,-0.4342429982319146
35760804010,672241,2025-01-20,0.06565715063597696
35760804010,672241,2025-01-27,-0.43423204357793366
35760804010,672241,2025-02-03,-0.4342618544530793
35760804010,672241,2025-02-10,-0.4342778049251018
35760804010,672241,2025-02-17,-0.4342885870141301
35760804010,672241,2025-02-24,-0.4343044118742509
35760804010,672241,2025-03-03,-0.43434097413825473
35760804375,672241,2024-11-25,9.068692523048266
35760804375,672241,2024-12-02,5.067860529225639
35760804375,672241,2024-12-09,4.5673622701145415
35760804375,672241,2024-12-16,3.5669815404494347
35760804375,672241,2024-12-23,4.066777423603733
35760804375,672241,2024-12-30,8.566648888567952
35760804375,672241,2025-01-06,11.066556386815217
35760804375,672241,2025-01-13,7.566690178246739
35760804375,672241,2025-01-20,6.566724200147571
35760804375,672241,2025-01-27,4.5667733946729925
35760804375,672241,2025-02-03,7.567010026290618
35760804375,672241,2025-02-10,5.067024966301511
35760804375,672241,2025-02-17,5.567298250123184
35760804375,672241,2025-02-24,6.067358570415735
35760804375,672241,2025-03-03,7.067504848585922
35760804684,672241,2024-11-25,4.9315431004385015
35760804684,672241,2024-12-02,0.9317707159657207
35760804684,672241,2024-12-09,2.4320878646536794
35760804684,672241,2024-12-16,3.932265133224452
35760804684,672241,2024-12-23,0.9320998634489259
35760804684,672241,2024-12-30,1.9320553891444505
35760804684,672241,2025-01-06,8.431910383885418
35760804684,672241,2025-01-13,3.432209161581468
35760804684,672241,2025-01-20,1.4321771696731556
35760804684,672241,2025-01-27,1.4322106549776747
35760804684,672241,2025-02-03,2.4322931561612227
35760804684,672241,2025-02-10,1.9324207826077475
35760804684,672241,2025-02-17,1.432396096841459
35760804684,672241,2025-02-24,3.932445892737448
35760804684,672241,2025-03-03,4.932457052605303
35760805289,672241,2024-11-25,4.107781691039902
35760805289,672241,2024-12-02,4.606956572525368
35760805289,672241,2024-12-09,0.6066090688132726
35760805289,672241,2024-12-16,15.603957604377015
35760805289,672241,2024-12-23,1.106428845025677
35760805289,672241,2024-12-30,2.6063162726723945
35760805289,672241,2025-01-06,1.606350187708251
35760805289,672241,2025-01-13,2.6060606473009402
35760805289,672241,2025-01-20,2.1062441769743256
35760805289,672241,2025-01-27,3.106300406542994
35760805289,672241,2025-02-03,1.1069267687823725
35760805289,672241,2025-02-10,2.6068248030708645
35760805289,672241,2025-02-17,1.106732364336002
35760805289,672241,2025-02-24,3.1067814121557693
35760805289,672241,2025-03-03,2.1071257350691237
35760805589,672241,2024-11-25,-0.8038429211996904
35760805589,672241,2024-12-02,1.6960538848651412
35760805589,672241,2024-12-09,-0.3038313823137292
35760805589,672241,2024-12-16,0.1961411495130091
35760805589,672241,2024-12-23,-0.803967210484179
35760805589,672241,2024-12-30,-0.8039092003724944
35760805589,672241,2025-01-06,-0.30380492318872676
35760805589,672241,2025-01-13,-0.8038211796348803
35760805589,672241,2025-01-20,1.6962700232596606
35760805589,672241,2025-01-27,0.19617928730522927
35760805589,672241,2025-02-03,1.6962951978978227
35760805589,672241,2025-02-10,0.19623754987434594
35760805589,672241,2025-02-17,1.1964295547207822
35760805589,672241,2025-02-24,-0.3037079977911218
35760805589,672241,2025-03-03,0.19633700870859339
35760805824,672241,2024-11-25,3.0963241401986155
35760805824,672241,2024-12-02,1.6868877506380149
35760805824,672241,2024-12-09,4.776749969623105
35760805824,672241,2024-12-16,1.8662300091539592
35760805824,672241,2024-12-23,1.9548433580442204
35760805824,672241,2024-12-30,2.042481778793181
35760805824,672241,2025-01-06,2.6290966340738255
35760805824,672241,2025-01-13,2.214703544147514
35760805824,672241,2025-01-20,2.299207118178399
35760805824,672241,2025-01-27,3.8825793267309865
35760805824,672241,2025-02-03,5.964893404802151
35760805824,672241,2025-02-10,2.5463066484093986
35760805824,672241,2025-02-17,3.1266096833932977
35760805824,672241,2025-02-24,3.7057086682945752
35760805824,672241,2025-03-03,2.783684936416202
35760806147,672241,2024-11-25,-0.05722852798331081
35760806147,672241,2024-12-02,-0.05746834491875334
35760806147,672241,2024-12-09,-0.05768158501289236
35760806147,672241,2024-12-16,-0.05787014966007487
35760806147,672241,2024-12-23,-0.0580359030043623
35760806147,672241,2024-12-30,-0.058180613026976614
35760806147,672241,2025-01-06,-0.0583047635855828
35760806147,672241,2025-01-13,-0.05841012461631654
35760806147,672241,2025-01-20,-0.05849840031370408
35760806147,672241,2025-01-27,-0.05856975822396609
35760806147,672241,2025-02-03,-0.05862545325054036
35760806147,672241,2025-02-10,-0.05866666585461598
35760806147,672241,2025-02-17,-0.05869447747116459
35760806147,672241,2025-02-24,-0.05870983097206575
35760806147,672241,2025-03-03,0.44122456559603185
35760806438,672241,2024-11-25,0.4133068502915307
35760806438,672241,2024-12-02,0.9135825600458165
35760806438,672241,2024-12-09,-0.08663758101199576
35760806438,672241,2024-12-16,-0.08653203203447829
35760806438,672241,2024-12-23,0.9139649502924312
35760806438,672241,2024-12-30,1.9133617873392372
35760806438,672241,2025-01-06,-0.08619868586728022
35760806438,672241,2025-01-13,-0.086231771964416
35760806438,672241,2025-01-20,-0.08617593446050306
35760806438,672241,2025-01-27,0.4137507528653166
35760806438,672241,2025-02-03,1.9135738577676458
35760806438,672241,2025-02-10,-0.08618001012810966
35760806438,672241,2025-02-17,-0.08630924121902706
35760806438,672241,2025-02-24,-0.086314539538448
35760806438,672241,2025-03-03,0.41352755886032205
35760806772,672241,2024-11-25,-0.08653942660490264
35760806772,672241,2024-12-02,-0.08653766852797971
35760806772,672241,2024-12-09,-0.08653685417581602
35760806772,672241,2024-12-16,-0.08653676358537175
35760806772,672241,2024-12-23,-0.08653711149916773
35760806772,672241,2024-12-30,-0.08653796118431233
35760806772,672241,2025-01-06,-0.08653884193479011
35760806772,672241,2025-01-13,-0.08653983547492297
35760806772,672241,2025-01-20,-0.08654103382617939
35760806772,672241,2025-01-27,-0.08654215099998204
35760806772,672241,2025-02-03,-0.0865432010720523
35760806772,672241,2025-02-10,-0.08654417537713278
35760806772,672241,2025-02-17,-0.08654503435517352
35760806772,672241,2025-02-24,-0.08654561842850031
35760806772,672241,2025-03-03,-0.08654613105213661
35760807010,672241,2024-11-25,0.18131534449122794
35760807010,672241,2024-12-02,0.19339315788877257
35760807010,672241,2024-12-09,0.7053179832788798
35760807010,672241,2024-12-16,0.2170863448204856
35760807010,672241,2024-12-23,0.7287094379971273
35760807010,672241,2024-12-30,0.2401768893855901
35760807010,672241,2025-01-06,0.25149982274646576
35760807010,672241,2025-01-13,0.2626717942898612
35760807010,672241,2025-01-20,0.27369308056326414
35760807010,672241,2025-01-27,0.2845638291936769
35760807010,672241,2025-02-03,0.295284190195912
35760807010,672241,2025-02-10,0.305854250519017
35760807010,672241,2025-02-17,0.3162741480674247
35760807010,672241,2025-02-24,0.3265438977389121
35760807010,672241,2025-03-03,0.33666358524883033
35760807974,672241,2024-11-25,4.163685857431459
35760807974,672241,2024-12-02,4.163633961649245
35760807974,672241,2024-12-09,2.66358796996483
35760807974,672241,2024-12-16,2.6635446210371176
35760807974,672241,2024-12-23,0.6635018678718758
35760807974,672241,2024-12-30,2.6634684586376607
35760807974,672241,2025-01-06,3.6634290125579483
35760807974,672241,2025-01-13,2.1634034673987657
35760807974,672241,2025-01-20,5.663385252108653
35760807974,672241,2025-01-27,1.1633665549586754
35760807974,672241,2025-02-03,3.6633623035598557
35760807974,672241,2025-02-10,2.6633488662441867
35760807974,672241,2025-02-17,2.663344738899596
35760807974,672241,2025-02-24,4.163343014363746
35760807974,672241,2025-03-03,2.6633460328579766
35760808239,672241,2024-11-25,-0.32838023408449
35760808239,672241,2024-12-02,-0.32886014472896286
35760808239,672241,2024-12-09,-0.8292625438953909
35760808239,672241,2024-12-16,-0.8296569265344229
35760808239,672241,2024-12-23,-0.8300150217133406
35760808239,672241,2024-12-30,1.1697895222697665
35760808239,672241,2025-01-06,-0.8306509847843526
35760808239,672241,2025-01-13,-0.830948426573827
35760808239,672241,2025-01-20,0.6686774189953699
35760808239,672241,2025-01-27,0.6685594371069028
35760808239,672241,2025-02-03,-0.831697086129824
35760808239,672241,2025-02-10,0.6681262018637695
35760808239,672241,2025-02-17,-0.8321059539030414
35760808239,672241,2025-02-24,1.667535519607243
35760808239,672241,2025-03-03,0.6674966189630412
35760808536,672241,2024-11-25,1.0075444717653619
35760808536,672241,2024-12-02,1.5078581679053409
35760808536,672241,2024-12-09,2.008034869319915
35760808536,672241,2024-12-16,2.508504571281988
35760808536,672241,2024-12-23,1.0084626601491724
35760808536,672241,2024-12-30,1.5085370002342289
35760808536,672241,2025-01-06,3.008746288516834
35760808536,672241,2025-01-13,2.009033208720733
35760808536,672241,2025-01-20,2.00914001756208
35760808536,672241,2025-01-27,3.0093551397799922
35760808536,672241,2025-02-03,5.509443247370539
35760808536,672241,2025-02-10,4.009036092921516
35760808536,672241,2025-02-17,1.0090822709786278
35760808536,672241,2025-02-24,9.010398012995507
35760808536,672241,2025-03-03,2.009153843761177
35760808866,672241,2024-11-25,4.759700366407962
35760808866,672241,2024-12-02,3.75966978688503
35760808866,672241,2024-12-09,4.759663824046236
35760808866,672241,2024-12-16,5.259656252255446
35760808866,672241,2024-12-23,3.7596433777488976
35760808866,672241,2024-12-30,3.259625666858244
35760808866,672241,2025-01-06,4.259611119491547
35760808866,672241,2025-01-13,28.759586798655775
35760808866,672241,2025-01-20,8.759598079852779
35760808866,672241,2025-01-27,3.7596101927810057
35760808866,672241,2025-02-03,4.259577094566166
35760808866,672241,2025-02-10,4.259568974930705
35760808866,672241,2025-02-17,4.259546513100749
35760808866,672241,2025-02-24,4.25954001354634
35760808866,672241,2025-03-03,3.259533695289699
35760809177,672241,2024-11-25,3.5194593865927084
35760809177,672241,2024-12-02,2.019901776874753
35760809177,672241,2024-12-09,4.520344848786077
35760809177,672241,2024-12-16,2.0209003312264695
35760809177,672241,2024-12-23,1.5214487896116053
35760809177,672241,2024-12-30,2.0220348648295525
35760809177,672241,2025-01-06,3.0226853503971056
35760809177,672241,2025-01-13,2.5233201541685313
35760809177,672241,2025-01-20,1.5239758815933262
35760809177,672241,2025-01-27,4.024680100241489
35760809177,672241,2025-02-03,2.0252920918495
35760809177,672241,2025-02-10,1.5259616619553982
35760809177,672241,2025-02-17,3.0265807456967444
35760809177,672241,2025-02-24,3.5272906000436395
35760809177,672241,2025-03-03,3.527920103444493
35760809493,672241,2024-11-25,0.5526006280591663
35760809493,672241,2024-12-02,0.053002645407246515
35760809493,672241,2024-12-09,0.05331097722845703
35760809493,672241,2024-12-16,0.05358674623281885
35760809493,672241,2024-12-23,0.05383499554310815
35760809493,672241,2024-12-30,0.0540600703772197
35760809493,672241,2025-01-06,0.5543211750155508
35760809493,672241,2025-01-13,0.5543664217316275
35760809493,672241,2025-01-20,0.05459776716865063
35760809493,672241,2025-01-27,0.5548180168250335
35760809493,672241,2025-02-03,0.05488504986871558
35760809493,672241,2025-02-10,0.055000212248562094
35760809493,672241,2025-02-17,1.055220110052126
35760809493,672241,2025-02-24,0.05514611805002549
35760809493,672241,2025-03-03,0.05517739673470881
35760809723,672241,2024-11-25,0.7498715934379477
35760809723,672241,2024-12-02,1.2499076215468983
35760809723,672241,2024-12-09,0.749933379387945
35760809723,672241,2024-12-16,0.7499561011325117
35760809723,672241,2024-12-23,0.7499789163355465
35760809723,672241,2024-12-30,0.7499983427775665
35760809723,672241,2025-01-06,1.2500190968649054
35760809723,672241,2025-01-13,0.750029924305095
35760809723,672241,2025-01-20,0.750043694231037
35760809723,672241,2025-01-27,0.7500489963876557
35760809723,672241,2025-02-03,0.7500588711815509
35760809723,672241,2025-02-10,0.750063327905451
35760809723,672241,2025-02-17,0.7500669388785781
35760809723,672241,2025-02-24,1.750077897274521
35760809723,672241,2025-03-03,0.7500681153562498
35760810312,672241,2024-11-25,-0.11539074384154861
35760810312,672241,2024-12-02,-0.11539065332943593
35760810312,672241,2024-12-09,-0.11539053086948182
35760810312,672241,2024-12-16,-0.11539033677205875
35760810312,672241,2024-12-23,-0.11539018349867972
35760810312,672241,2024-12-30,-0.1153902121085203
35760810312,672241,2025-01-06,-0.11539014000720618
35760810312,672241,2025-01-13,-0.11539017267891628
35760810312,672241,2025-01-20,-0.11539015614664633
35760810312,672241,2025-01-27,0.8846120547518145
35760810312,672241,2025-02-03,-0.11538981433757303
35760810312,672241,2025-02-10,-0.11538945400886907
35760810312,672241,2025-02-17,-0.1153890324815657
35760810312,672241,2025-02-24,-0.11538878254320936
35760810312,672241,2025-03-03,-0.11538840778197218
35760810624,672241,2024-11-25,3.3492049340386227
35760810624,672241,2024-12-02,0.349194760591387
35760810624,672241,2024-12-09,0.34912540641291856
35760810624,672241,2024-12-16,0.3491233072607215
35760810624,672241,2024-12-23,0.3491563198174226
35760810624,672241,2024-12-30,1.8491774835300478
35760810624,672241,2025-01-06,0.3492376974343234
35760810624,672241,2025-01-13,0.3492734950953532
35760810624,672241,2025-01-20,1.3492582530411705
35760810624,672241,2025-01-27,1.8492308681333507
35760810624,672241,2025-02-03,0.8492820513576282
35760810624,672241,2025-02-10,1.3492234912015186
35760810624,672241,2025-02-17,0.3492013889886424
35760810624,672241,2025-02-24,0.3491887227187938
35760810624,672241,2025-03-03,0.349190278078909
35760810972,672241,2024-11-25,0.02872200624666088
35760810972,672241,2024-12-02,0.028468884266547534
35760810972,672241,2024-12-09,0.028206540700989047
35760810972,672241,2024-12-16,0.5281718107249551
35760810972,672241,2024-12-23,0.5280235443464363
35760810972,672241,2024-12-30,0.027757687561485278
35760810972,672241,2025-01-06,0.027720579813021673
35760810972,672241,2025-01-13,0.027679587318872267
35760810972,672241,2025-01-20,0.027631599555501096
35760810972,672241,2025-01-27,0.02758356344615942
35760810972,672241,2025-02-03,0.02753489717404689
35760810972,672241,2025-02-10,0.5272543348138441
35760810972,672241,2025-02-17,0.527523508403019
35760810972,672241,2025-02-24,0.02722964497689523
35760810972,672241,2025-03-03,1.0276060161753708
35760811216,672241,2024-11-25,2.1050802163624676
35760811216,672241,2024-12-02,2.105202568584079
35760811216,672241,2024-12-09,4.605254851678559
35760811216,672241,2024-12-16,1.1053296226681741
35760811216,672241,2024-12-23,1.1054200985336542
35760811216,672241,2024-12-30,1.605447523229806
35760811216,672241,2025-01-06,3.6055568819804007
35760811216,672241,2025-01-13,13.105712694240726
35760811216,672241,2025-01-20,2.1056753609893004
35760811216,672241,2025-01-27,2.105729951594874
35760811216,672241,2025-02-03,2.1057596795548887
35760811216,672241,2025-02-10,2.6058492821183474
35760811216,672241,2025-02-17,4.105930206293481
35760811216,672241,2025-02-24,7.60586014946141
35760811216,672241,2025-03-03,6.605979214627172
35797749988,672241,2024-11-25,-2.689039406859358
35797749988,672241,2024-12-02,-1.6888576419966463
35797749988,672241,2024-12-09,-4.18856445221846
35797749988,672241,2024-12-16,-3.1882803034230625
35797749988,672241,2024-12-23,-4.188143677239948
35797749988,672241,2024-12-30,-4.188181284252564
35797749988,672241,2025-01-06,-2.1881282118583543
35797749988,672241,2025-01-13,-3.6878436522892515
35797749988,672241,2025-01-20,-3.187427550050292
35797749988,672241,2025-01-27,-3.6869262973577466
35797749988,672241,2025-02-03,-1.6866062133197768
35797749988,672241,2025-02-10,-3.1861300016049108
35797749988,672241,2025-02-17,-3.1856716994433802
35797749988,672241,2025-02-24,-3.1852381878902905
35797749988,672241,2025-03-03,-2.1850549302391906
35845590961,672241,2024-11-25,0.08661895133256173
35845590961,672241,2024-12-02,0.07876481256984522
35845590961,672241,2024-12-09,0.07982759066854339
35845590961,672241,2024-12-16,0.08089038007922592
35845590961,672241,2024-12-23,0.07303619407895282
35845590961,672241,2024-12-30,0.06518193922713697
35845590961,672241,2025-01-06,0.0662446020063146
35845590961,672241,2025-01-13,0.0673072776006241
35845590961,672241,2025-01-20,0.0683699647719051
35845590961,672241,2025-01-27,0.06943266351778085
35845590961,672241,2025-02-03,0.08832934677681947
35845590961,672241,2025-02-10,2.0180230748596317
35845590961,672241,2025-02-17,0.06371162298893338
35845590961,672241,2025-02-24,0.04694024966909294
35845590961,672241,2025-03-03,0.030168729599071187
35846286376,672241,2024-11-25,1.5190477192554726
35846286376,672241,2024-12-02,1.0192180889106548
35846286376,672241,2024-12-09,2.0192551134325716
35846286376,672241,2024-12-16,1.0193491357471727
35846286376,672241,2024-12-23,0.5193513179508997
35846286376,672241,2024-12-30,1.0193346799724359
35846286376,672241,2025-01-06,0.5192736997128019
35846286376,672241,2025-01-13,0.5192429413080106
35846286376,672241,2025-01-20,0.5192129896424633
35846286376,672241,2025-01-27,0.5191869776865897
35846286376,672241,2025-02-03,0.5191710527167364
35846286376,672241,2025-02-10,0.5191653487290826
35846286376,672241,2025-02-17,0.5191731186727246
35846286376,672241,2025-02-24,0.5191968817594173
35846286376,672241,2025-03-03,1.5191717450624522
35846511668,672241,2024-11-25,-0.00021949191973338888
35846511668,672241,2024-12-02,-0.0001619763275191588
35846511668,672241,2024-12-09,-9.245484960024308e-05
35846511668,672241,2024-12-16,1.0000052533495023
35846511668,672241,2024-12-23,1.4333127136861856e-05
35846511668,672241,2024-12-30,4.852080383679902e-05
35846511668,672241,2025-01-06,0.5000978920731818
35846511668,672241,2025-01-13,1.0001037239217943
35846511668,672241,2025-01-20,0.00012176067160751813
35846511668,672241,2025-01-27,0.00014157135210537963
35846511668,672241,2025-02-03,0.5001713244591488
35846511668,672241,2025-02-10,0.00015283045565081532
35846511668,672241,2025-02-17,0.5001518286373093
35846511668,672241,2025-02-24,0.00010156817742257296
35846511668,672241,2025-03-03,5.935384499428098e-05
35846548593,672241,2024-11-25,0.3559370234064794
35846548593,672241,2024-12-02,-0.14404283705549029
35846548593,672241,2024-12-09,-0.14401929846907413
35846548593,672241,2024-12-16,-0.14400300066648736
35846548593,672241,2024-12-23,0.3560180831459435
35846548593,672241,2024-12-30,-0.14398347966463113
35846548593,672241,2025-01-06,0.35601065218343775
35846548593,672241,2025-01-13,-0.1439821928196497
35846548593,672241,2025-01-20,-0.14398908258485404
35846548593,672241,2025-01-27,-0.1439995081947573
35846548593,672241,2025-02-03,1.356020162953221
35846548593,672241,2025-02-10,-0.1440152862281428
35846548593,672241,2025-02-17,0.35599096088965815
35846548593,672241,2025-02-24,-0.14402265161728212
35846548593,672241,2025-03-03,-0.14402638572145604
36407064097,672241,2024-11-25,1.9556054195432955
36407064097,672241,2024-12-02,1.9554672128177075
36407064097,672241,2024-12-09,1.9555236616729195
36407064097,672241,2024-12-16,1.9555519467134275
36407064097,672241,2024-12-23,1.9555038961575786
36407064097,672241,2024-12-30,1.9553900505762063
36407064097,672241,2025-01-06,1.9552722429859408
36407064097,672241,2025-01-13,1.955217807572033
36407064097,672241,2025-01-20,1.9552418180068467
36407064097,672241,2025-01-27,1.955243825092504
36407064097,672241,2025-02-03,1.9554195428944299
36407064097,672241,2025-02-10,6.954948965713461
36407064097,672241,2025-02-17,1.955329748652796
36407064097,672241,2025-02-24,1.9551627931099458
36407064097,672241,2025-03-03,2.4550599902335533
36442662378,672241,2024-11-25,8.3408803546106
36442662378,672241,2024-12-02,14.341343404916882
36442662378,672241,2024-12-09,13.341375410477173
36442662378,672241,2024-12-16,19.340539997165042
36442662378,672241,2024-12-23,18.83999551091133
36442662378,672241,2024-12-30,16.339719860640706
36442662378,672241,2025-01-06,5.840093559908179
36442662378,672241,2025-01-13,5.839861264482132
36442662378,672241,2025-01-20,7.839528448031782
36442662378,672241,2025-01-27,8.839256030802723
36442662378,672241,2025-02-03,9.838977992791287
36442662378,672241,2025-02-10,6.838921043243612
36442662378,672241,2025-02-17,5.838828329721107
36442662378,672241,2025-02-24,9.33853863083808
36442662378,672241,2025-03-03,15.837744863645277
36442913739,672241,2024-11-25,0.7517594475763554
36442913739,672241,2024-12-02,5.2515786151372055
36442913739,672241,2024-12-09,1.251717415486445
36442913739,672241,2024-12-16,3.2517295425675976
36442913739,672241,2024-12-23,5.252018757784482
36442913739,672241,2024-12-30,5.251910561002967
36442913739,672241,2025-01-06,1.2516591915280133
36442913739,672241,2025-01-13,1.2514174796307553
36442913739,672241,2025-01-20,3.2512642239026235
36442913739,672241,2025-01-27,3.251058196704407
36442913739,672241,2025-02-03,3.2508928808902144
36442913739,672241,2025-02-10,1.7506606502740674
36442913739,672241,2025-02-17,1.2505796381528897
36442913739,672241,2025-02-24,1.2506840199189309
36442913739,672241,2025-03-03,4.750762154203944
36918045023,672241,2024-11-25,0.11617689868967745
36918045023,672241,2024-12-02,0.1159396523958782
36918045023,672241,2024-12-09,0.1157240921678491
36918045023,672241,2024-12-16,0.11552666717718395
36918045023,672241,2024-12-23,0.11534784982763227
36918045023,672241,2024-12-30,0.11518819945051642
36918045023,672241,2025-01-06,0.1150442565941281
36918045023,672241,2025-01-13,0.1149148242474515
36918045023,672241,2025-01-20,0.11479871393514188
36918045023,672241,2025-01-27,0.11469252859065437
36918045023,672241,2025-02-03,0.1145968575855546
36918045023,672241,2025-02-10,0.11451231302991659
36918045023,672241,2025-02-17,0.6145540276074716
36918045023,672241,2025-02-24,0.6145105018880047
36918045023,672241,2025-03-03,0.11437911360817668
36923304973,672241,2024-11-25,-0.7623174925267502
36923304973,672241,2024-12-02,-0.8029564530492721
36923304973,672241,2024-12-09,-0.8432834274484234
36923304973,672241,2024-12-16,-0.8832989276386849
36923304973,672241,2024-12-23,-0.9230034475258129
36923304973,672241,2024-12-30,-0.9623974909009918
36923304973,672241,2025-01-06,-1.0014814270433696
36923304973,672241,2025-01-13,-1.0402555812368879
36923304973,672241,2025-01-20,-1.0787201738998071
36923304973,672241,2025-01-27,-1.1168754613773713
36923304973,672241,2025-02-03,-1.1547213928786098
36923304973,672241,2025-02-10,-1.1922579746498723
36923304973,672241,2025-02-17,-1.2294851385005883
36923304973,672241,2025-02-24,-0.7663956833242843
36923304973,672241,2025-03-03,-0.803002653255269
36924668188,672241,2024-11-25,0.0
36924668188,672241,2024-12-02,0.0
36924668188,672241,2024-12-09,0.0
36924668188,672241,2024-12-16,0.0
36924668188,672241,2024-12-23,0.0
36924668188,672241,2024-12-30,0.0
36924668188,672241,2025-01-06,0.0
36924668188,672241,2025-01-13,0.0
36924668188,672241,2025-01-20,0.0
36924668188,672241,2025-01-27,0.0
36924668188,672241,2025-02-03,0.0
36924668188,672241,2025-02-10,0.0
36924668188,672241,2025-02-17,0.0
36924668188,672241,2025-02-24,0.0
36924668188,672241,2025-03-03,0.0
36924687323,672241,2024-11-25,0.0
36924687323,672241,2024-12-02,0.0
36924687323,672241,2024-12-09,0.0
36924687323,672241,2024-12-16,0.0
36924687323,672241,2024-12-23,0.0
36924687323,672241,2024-12-30,0.0
36924687323,672241,2025-01-06,0.0
36924687323,672241,2025-01-13,0.0
36924687323,672241,2025-01-20,0.0
36924687323,672241,2025-01-27,0.0
36924687323,672241,2025-02-03,0.0
36924687323,672241,2025-02-10,0.0
36924687323,672241,2025-02-17,0.0
36924687323,672241,2025-02-24,0.0
36924687323,672241,2025-03-03,0.0
36924792617,672241,2024-11-25,0.08634942167972429
36924792617,672241,2024-12-02,0.0863398624672034
36924792617,672241,2024-12-09,0.08633553471971532
36924792617,672241,2024-12-16,0.08633488511885903
36924792617,672241,2024-12-23,0.08633677199722445
36924792617,672241,2024-12-30,0.08634124598527569
36924792617,672241,2025-01-06,0.086347912755526
36924792617,672241,2025-01-13,0.08635641800435445
36924792617,672241,2025-01-20,0.08636491816548149
36924792617,672241,2025-01-27,0.08637508015740056
36924792617,672241,2025-02-03,0.08638860759624764
36924792617,672241,2025-02-10,0.08640367454085915
36924792617,672241,2025-02-17,0.08642006051104091
36924792617,672241,2025-02-24,0.08643736155898271
36924792617,672241,2025-03-03,0.08645534516268845
36925028712,672241,2024-11-25,0.0
36925028712,672241,2024-12-02,0.0
36925028712,672241,2024-12-09,0.0
36925028712,672241,2024-12-16,0.0
36925028712,672241,2024-12-23,0.0
36925028712,672241,2024-12-30,0.0
36925028712,672241,2025-01-06,0.0
36925028712,672241,2025-01-13,0.0
36925028712,672241,2025-01-20,0.0
36925028712,672241,2025-01-27,0.0
36925028712,672241,2025-02-03,0.0
36925028712,672241,2025-02-10,0.0
36925028712,672241,2025-02-17,0.0
36925028712,672241,2025-02-24,0.0
36925028712,672241,2025-03-03,0.0
36925173329,672241,2024-11-25,0.0
36925173329,672241,2024-12-02,0.0
36925173329,672241,2024-12-09,0.0
36925173329,672241,2024-12-16,0.0
36925173329,672241,2024-12-23,0.0
36925173329,672241,2024-12-30,0.0
36925173329,672241,2025-01-06,0.0
36925173329,672241,2025-01-13,0.0
36925173329,672241,2025-01-20,0.0
36925173329,672241,2025-01-27,0.0
36925173329,672241,2025-02-03,0.0
36925173329,672241,2025-02-10,0.0
36925173329,672241,2025-02-17,0.0
36925173329,672241,2025-02-24,0.0
36925173329,672241,2025-03-03,0.0
36925451776,672241,2024-11-25,-0.05776635527558517
36925451776,672241,2024-12-02,-0.05774901949425627
36925451776,672241,2024-12-09,-0.05773333576060007
36925451776,672241,2024-12-16,-0.057719249274007955
36925451776,672241,2024-12-23,-0.05770668701790381
36925451776,672241,2024-12-30,-0.05769559464400145
36925451776,672241,2025-01-06,-0.05768591227734293
36925451776,672241,2025-01-13,-0.057677578277111646
36925451776,672241,2025-01-20,-0.057670537881209585
36925451776,672241,2025-01-27,-0.05766472019029756
36925451776,672241,2025-02-03,-0.0576600693335986
36925451776,672241,2025-02-10,-0.057656532002919106
36925451776,672241,2025-02-17,-0.05765404078065947
36925451776,672241,2025-02-24,-0.05765255094666631
36925451776,672241,2025-03-03,-0.05765226705353907
36929905877,672241,2024-11-25,0.0
36929905877,672241,2024-12-02,0.0
36929905877,672241,2024-12-09,0.0
36929905877,672241,2024-12-16,0.0
36929905877,672241,2024-12-23,0.0
36929905877,672241,2024-12-30,0.0
36929905877,672241,2025-01-06,0.0
36929905877,672241,2025-01-13,0.0
36929905877,672241,2025-01-20,0.0
36929905877,672241,2025-01-27,0.0
36929905877,672241,2025-02-03,0.0
36929905877,672241,2025-02-10,0.0
36929905877,672241,2025-02-17,0.0
36929905877,672241,2025-02-24,0.0
36929905877,672241,2025-03-03,0.0
36932256672,672241,2024-11-25,-0.028928784591930296
36932256672,672241,2024-12-02,-0.02891320601538512
36932256672,672241,2024-12-09,-0.0288988250335546
36932256672,672241,2024-12-16,-0.028885577787102407
36932256672,672241,2024-12-23,-0.02887340193226312
36932256672,672241,2024-12-30,-0.028862233942740075
36932256672,672241,2025-01-06,-0.028852017211451173
36932256672,672241,2025-01-13,-0.028842685026129793
36932256672,672241,2025-01-20,-0.028834995536096635
36932256672,672241,2025-01-27,-0.02882823288127986
36932256672,672241,2025-02-03,-0.02882169424355909
36932256672,672241,2025-02-10,-0.02881612493974707
36932256672,672241,2025-02-17,-0.028811476182782965
36932256672,672241,2025-02-24,-0.028807686914824104
36932256672,672241,2025-03-03,-0.028804705608051928
36934182989,672241,2024-11-25,-0.057526673331320034
36934182989,672241,2024-12-02,-0.057539910659178045
36934182989,672241,2024-12-09,-0.057552442238022763
36934182989,672241,2024-12-16,-0.057564224216927744
36934182989,672241,2024-12-23,-0.05757521430885258
36934182989,672241,2024-12-30,-0.057585382813646516
36934182989,672241,2025-01-06,-0.05759471789273825
36934182989,672241,2025-01-13,-0.05760320797953192
36934182989,672241,2025-01-20,-0.057610852868111205
36934182989,672241,2025-01-27,-0.057617665769206725
36934182989,672241,2025-02-03,-0.05762366171468876
36934182989,672241,2025-02-10,-0.057628862566114276
36934182989,672241,2025-02-17,-0.057633293367273394
36934182989,672241,2025-02-24,-0.05763698656969003
36934182989,672241,2025-03-03,-0.05763997790063316
36952764350,672241,2024-11-25,-2.0181330069179304
36952764350,672241,2024-12-02,-2.5181139177017933
36952764350,672241,2024-12-09,-1.5180350369816775
36952764350,672241,2024-12-16,-1.5179600702231564
36952764350,672241,2024-12-23,-2.01790022484058
36952764350,672241,2024-12-30,-1.517863570450296
36952764350,672241,2025-01-06,-2.5178373546375106
36952764350,672241,2025-01-13,-2.0178280821923487
36952764350,672241,2025-01-20,-2.5178132233211263
36952764350,672241,2025-01-27,-2.0178466808402016
36952764350,672241,2025-02-03,-2.517877993452095
36952764350,672241,2025-02-10,-1.0179037972797311
36952764350,672241,2025-02-17,-1.5178852530975049
36952764350,672241,2025-02-24,-1.5178466638719728
36952764350,672241,2025-03-03,-2.5177875893620514
36952921551,672241,2024-11-25,-0.011727657782313994
36952921551,672241,2024-12-02,-0.01172145307406644
36952921551,672241,2024-12-09,-0.011752352603537908
36952921551,672241,2024-12-16,-0.01173915452029306
36952921551,672241,2024-12-23,-0.011681037413084377
36952921551,672241,2024-12-30,-0.011609800148669136
36952921551,672241,2025-01-06,-0.011559650740584043
36952921551,672241,2025-01-13,0.4884682129604019
36952921551,672241,2025-01-20,0.48846410314136435
36952921551,672241,2025-01-27,0.9884747952660424
36952921551,672241,2025-02-03,-0.01153087886598092
36952921551,672241,2025-02-10,-0.011518434127240157
36952921551,672241,2025-02-17,-0.011523000934713867
36952921551,672241,2025-02-24,0.9884995177396543
36952921551,672241,2025-03-03,-0.01149729784869602
36952968358,672241,2024-11-25,1.9098178907284598
36952968358,672241,2024-12-02,-1.0902103756634673
36952968358,672241,2024-12-09,-1.0901819842948623
36952968358,672241,2024-12-16,-0.09023745269589095
36952968358,672241,2024-12-23,-1.0902957947631082
36952968358,672241,2024-12-30,-1.0904297033676684
36952968358,672241,2025-01-06,-1.0905307791471266
36952968358,672241,2025-01-13,-1.0905911996974997
36952968358,672241,2025-01-20,-0.590641792297198
36952968358,672241,2025-01-27,-0.5906631494989969
36952968358,672241,2025-02-03,-0.5906812168836753
36952968358,672241,2025-02-10,-0.5906648107450638
36952968358,672241,2025-02-17,-1.0905995299663163
36952968358,672241,2025-02-24,-0.0905597749759503
36952968358,672241,2025-03-03,-1.0904473172839644
37232337056,672241,2024-11-25,0.5764655748013177
37232337056,672241,2024-12-02,1.5786263747926848
37232337056,672241,2024-12-09,0.5766869995995487
37232337056,672241,2024-12-16,0.5767238369015468
37232337056,672241,2024-12-23,1.0777973108860555
37232337056,672241,2024-12-30,0.5768225941012525
37232337056,672241,2025-01-06,0.5768337191115607
37232337056,672241,2025-01-13,0.5768431892204005
37232337056,672241,2025-01-20,1.0778797355002585
37232337056,672241,2025-01-27,1.0779057761080686
37232337056,672241,2025-02-03,0.576881325975057
37232337056,672241,2025-02-10,0.5768533124551399
37232337056,672241,2025-02-17,0.5767860136579017
37232337056,672241,2025-02-24,0.5767142937319035
37232337056,672241,2025-03-03,0.5766917240202707
37342256451,672241,2024-11-25,-0.6700170619459764
37342256451,672241,2024-12-02,-0.6697864650577312
37342256451,672241,2024-12-09,-0.6695679457012726
37342256451,672241,2024-12-16,-0.66936404219109
37342256451,672241,2024-12-23,-0.6690649057327218
37342256451,672241,2024-12-30,-0.6687531187875018
37342256451,672241,2025-01-06,0.3314695431866843
37342256451,672241,2025-01-13,1.8317045922343287
37342256451,672241,2025-01-20,1.8320747742040266
37342256451,672241,2025-01-27,3.832165609955741
37342256451,672241,2025-02-03,4.332041961905131
37342256451,672241,2025-02-10,6.331671004403422
37342256451,672241,2025-02-17,3.831524236220229
37342256451,672241,2025-02-24,5.331183456781196
37342256451,672241,2025-03-03,3.3312282391430497
37343374872,672241,2024-11-25,5.745610076678737
37343374872,672241,2024-12-02,48.70504560139441
37343374872,672241,2024-12-09,-0.8026504937616825
37343374872,672241,2024-12-16,-1.8107984338106786
37343374872,672241,2024-12-23,-3.3076666781047934
37343374872,672241,2024-12-30,-4.793583338127312
37343374872,672241,2025-01-06,-0.26968828335889905
37343374872,672241,2025-01-13,3.2654060427030167
37343374872,672241,2025-01-20,0.31321182938322334
37343374872,672241,2025-01-27,-0.6285194388677128
37343374872,672241,2025-02-03,-1.0590661891139637
37343374872,672241,2025-02-10,-0.9786159532740086
37343374872,672241,2025-02-17,0.11267061096011632
37343374872,672241,2025-02-24,-3.2837679740141184
37343374872,672241,2025-03-03,-3.670003821076617
37344189072,672241,2024-11-25,-12.206202407937157
37344189072,672241,2024-12-02,-8.706963341911443
37344189072,672241,2024-12-09,-19.20709149331752
37344189072,672241,2024-12-16,-18.706164570855854
37344189072,672241,2024-12-23,-13.205436129860143
37344189072,672241,2024-12-30,-19.205141184487935
37344189072,672241,2025-01-06,-16.204184318212967
37344189072,672241,2025-01-13,-9.200780545349938
37344189072,672241,2025-01-20,-8.198066833924095
37344189072,672241,2025-01-27,-6.696252561959265
37344189072,672241,2025-02-03,-6.694464459728975
37344189072,672241,2025-02-10,-6.192777350075955
37344189072,672241,2025-02-17,-9.19251465729544
37344189072,672241,2025-02-24,-7.692064080062824
37344189072,672241,2025-03-03,-9.690457728733845
37344544280,672241,2024-11-25,-8.125569955640271
37344544280,672241,2024-12-02,-7.625677642137729
37344544280,672241,2024-12-09,-9.126019807775554
37344544280,672241,2024-12-16,-6.127430612075468
37344544280,672241,2024-12-23,-6.129147608846541
37344544280,672241,2024-12-30,-10.129051662971236
37344544280,672241,2025-01-06,-16.129151668353845
37344544280,672241,2025-01-13,-16.129894807358248
37344544280,672241,2025-01-20,-16.63009711957257
37344544280,672241,2025-01-27,-16.629882730001516
37344544280,672241,2025-02-03,-16.63028352774976
37344544280,672241,2025-02-10,-16.63114840028082
37344544280,672241,2025-02-17,-16.632069127034537
37344544280,672241,2025-02-24,-16.632520069477742
37344544280,672241,2025-03-03,-16.63282691499885
38280841811,672241,2024-11-25,1.2458498549549857
38280841811,672241,2024-12-02,1.375296898607262
38280841811,672241,2024-12-09,1.5034308116998651
38280841811,672241,2024-12-16,1.6302515894538256
38280841811,672241,2024-12-23,1.7557588538886284
38280841811,672241,2024-12-30,1.8799517523635079
38280841811,672241,2025-01-06,2.0028300791338562
38280841811,672241,2025-01-13,2.124393386587176
38280841811,672241,2025-01-20,2.2446418800855006
38280841811,672241,2025-01-27,2.3635758014650983
38280841811,672241,2025-02-03,2.481196045370372
38280841811,672241,2025-02-10,3.097501768223384
38280841811,672241,2025-02-17,2.7124962060519677
38280841811,672241,2025-02-24,2.8261705375380255
38280841811,672241,2025-03-03,2.938532319834849
38281454130,672241,2024-11-25,0.05767471182327043
38281454130,672241,2024-12-02,0.05767733554070529
38281454130,672241,2024-12-09,0.05767941562737775
38281454130,672241,2024-12-16,0.057680999258034195
38281454130,672241,2024-12-23,0.05768205980662398
38281454130,672241,2024-12-30,0.05768267499777129
38281454130,672241,2025-01-06,0.057682834152007915
38281454130,672241,2025-01-13,0.5576884659543442
38281454130,672241,2025-01-20,0.05768606547980745
38281454130,672241,2025-01-27,0.05768910136944539
38281454130,672241,2025-02-03,0.05769167935301771
38281454130,672241,2025-02-10,0.05769384754806111
38281454130,672241,2025-02-17,0.05769553440972623
38281454130,672241,2025-02-24,0.057696711852494205
38281454130,672241,2025-03-03,0.057697560090523486
38282283940,672241,2024-11-25,-0.030432595835629225
38282283940,672241,2024-12-02,-0.02997246874792951
38282283940,672241,2024-12-09,-0.02958863556572409
38282283940,672241,2024-12-16,-0.029274840614218672
38282283940,672241,2024-12-23,-0.029024750009625535
38282283940,672241,2024-12-30,-0.028831974385452597
38282283940,672241,2025-01-06,-0.028690234949802454
38282283940,672241,2025-01-13,-0.028593331186986547
38282283940,672241,2025-01-20,-0.028535289415632305
38282283940,672241,2025-01-27,-0.028510392257198956
38282283940,672241,2025-02-03,-0.0285132202125273
38282283940,672241,2025-02-10,-0.028538631605550202
38282283940,672241,2025-02-17,-0.028581892468517545
38282283940,672241,2025-02-24,-0.02863866582831926
38282283940,672241,2025-03-03,-0.028704929106622104
38353593948,672241,2024-11-25,-0.0036844333410610552
38353593948,672241,2024-12-02,-0.004332268550239826
38353593948,672241,2024-12-09,-0.004710225810540258
38353593948,672241,2024-12-16,-0.005375289451397425
38353593948,672241,2024-12-23,-0.005910489174751454
38353593948,672241,2024-12-30,-0.005966849680132835
38353593948,672241,2025-01-06,-0.005683141407257342
38353593948,672241,2025-01-13,-0.0052596781637830325
38353593948,672241,2025-01-20,-0.004642754812774319
38353593948,672241,2025-01-27,-0.0038456373890995987
38353593948,672241,2025-02-03,-0.0029854907054389646
38353593948,672241,2025-02-10,-0.002284386942195127
38353593948,672241,2025-02-17,-0.001877268696383938
38353593948,672241,2025-02-24,-0.0018191201952515446
38353593948,672241,2025-03-03,-0.0018333923535314156
38354014830,672241,2024-11-25,4.133274532993298
38354014830,672241,2024-12-02,6.132973853330925
38354014830,672241,2024-12-09,5.133276906372024
38354014830,672241,2024-12-16,4.133596063597197
38354014830,672241,2024-12-23,4.633580489168316
38354014830,672241,2024-12-30,4.633519033714979
38354014830,672241,2025-01-06,5.133609102930575
38354014830,672241,2025-01-13,5.133695769400776
38354014830,672241,2025-01-20,6.1337321445255615
38354014830,672241,2025-01-27,7.1337645042616975
38354014830,672241,2025-02-03,9.633888743179735
38354014830,672241,2025-02-10,9.633893053893303
38354014830,672241,2025-02-17,12.133530790886175
38354014830,672241,2025-02-24,8.133536867882505
38354014830,672241,2025-03-03,6.1334598780691305
38354067981,672241,2024-11-25,16.40486316194769
38354067981,672241,2024-12-02,17.904608026676204
38354067981,672241,2024-12-09,17.90459068802311
38354067981,672241,2024-12-16,18.90460479389637
38354067981,672241,2024-12-23,19.404730593903107
38354067981,672241,2024-12-30,18.405108473832275
38354067981,672241,2025-01-06,21.90522120151368
38354067981,672241,2025-01-13,19.905671081574226
38354067981,672241,2025-01-20,22.405413898965193
38354067981,672241,2025-01-27,20.405160864684433
38354067981,672241,2025-02-03,17.904924591916778
38354067981,672241,2025-02-10,19.40467926061823
38354067981,672241,2025-02-17,18.904998280387456
38354067981,672241,2025-02-24,20.90523185015727
38354067981,672241,2025-03-03,19.90548002795482
38354074222,672241,2024-11-25,-0.040812472795445504
38354074222,672241,2024-12-02,-0.040820741152880674
38354074222,672241,2024-12-09,-0.04085065366327792
38354074222,672241,2024-12-16,-0.0408510743729939
38354074222,672241,2024-12-23,0.4591569254187098
38354074222,672241,2024-12-30,0.459158775458987
38354074222,672241,2025-01-06,-0.04085273934703984
38354074222,672241,2025-01-13,-0.04085930506393595
38354074222,672241,2025-01-20,-0.04083937986288633
38354074222,672241,2025-01-27,-0.04081106696721429
38354074222,672241,2025-02-03,-0.04081262382840972
38354074222,672241,2025-02-10,-0.04082150108213825
38354074222,672241,2025-02-17,-0.04081393764063662
38354074222,672241,2025-02-24,-0.04078410566524199
38354074222,672241,2025-03-03,0.45922690378552455
38598934876,672241,2024-11-25,-0.057673261666924075
38598934876,672241,2024-12-02,-0.05767816036078148
38598934876,672241,2024-12-09,-0.05768267773237405
38598934876,672241,2024-12-16,-0.057686826184042604
38598934876,672241,2024-12-23,-0.05769055102119543
38598934876,672241,2024-12-30,-0.05769388131710708
38598934876,672241,2025-01-06,-0.057696768578278726
38598934876,672241,2025-01-13,-0.057699245066450695
38598934876,672241,2025-01-20,-0.057701305212077725
38598934876,672241,2025-01-27,-0.05770298892290563
38598934876,672241,2025-02-03,-0.05770429111290929
38598934876,672241,2025-02-10,-0.057705287007931844
38598934876,672241,2025-02-17,-0.0577057778527989
38598934876,672241,2025-02-24,-0.057705919756821114
38598934876,672241,2025-03-03,-0.057705808038485795
38599650318,672241,2024-11-25,0.0
38599650318,672241,2024-12-02,0.0
38599650318,672241,2024-12-09,0.0
38599650318,672241,2024-12-16,0.0
38599650318,672241,2024-12-23,0.0
38599650318,672241,2024-12-30,0.0
38599650318,672241,2025-01-06,0.0
38599650318,672241,2025-01-13,0.0
38599650318,672241,2025-01-20,0.0
38599650318,672241,2025-01-27,0.0
38599650318,672241,2025-02-03,0.0
38599650318,672241,2025-02-10,0.0
38599650318,672241,2025-02-17,0.0
38599650318,672241,2025-02-24,0.0
38599650318,672241,2025-03-03,0.0
38599735521,672241,2024-11-25,0.08651557623831037
38599735521,672241,2024-12-02,0.08651490542389692
38599735521,672241,2024-12-09,0.0865147107367789
38599735521,672241,2024-12-16,0.08651489450250273
38599735521,672241,2024-12-23,0.08651549943515552
38599735521,672241,2024-12-30,0.08651645338217691
38599735521,672241,2025-01-06,0.08651772835904044
38599735521,672241,2025-01-13,0.08651927820859232
38599735521,672241,2025-01-20,0.08652109611601931
38599735521,672241,2025-01-27,0.08652310925006573
38599735521,672241,2025-02-03,0.08652533305512197
38599735521,672241,2025-02-10,0.08652767096472017
38599735521,672241,2025-02-17,0.08653015511079708
38599735521,672241,2025-02-24,0.08653271023982784
38599735521,672241,2025-03-03,0.08653532949910459
38675272223,672241,2024-11-25,0.14360500528043355
38675272223,672241,2024-12-02,0.1435704934797244
38675272223,672241,2024-12-09,0.1435726004027547
38675272223,672241,2024-12-16,0.14360363713450042
38675272223,672241,2024-12-23,0.14365498941113886
38675272223,672241,2024-12-30,0.1437187874700961
38675272223,672241,2025-01-06,0.14379201904170585
38675272223,672241,2025-01-13,0.14387105933897062
38675272223,672241,2025-01-20,0.143953336264379
38675272223,672241,2025-01-27,0.14403330830497774
38675272223,672241,2025-02-03,0.14410802549929905
38675272223,672241,2025-02-10,0.14417498927711264
38675272223,672241,2025-02-17,0.14424432000982046
38675272223,672241,2025-02-24,0.14430740759648397
38675272223,672241,2025-03-03,0.14435739807210862
38676507640,672241,2024-11-25,0.12817889472217928
38676507640,672241,2024-12-02,0.13279646265114683
38676507640,672241,2024-12-09,0.1373602499759968
38676507640,672241,2024-12-16,0.14187017543654673
38676507640,672241,2024-12-23,0.14632621060260098
38676507640,672241,2024-12-30,0.15072832393533933
38676507640,672241,2025-01-06,0.15507648859457007
38676507640,672241,2025-01-13,0.15937069853346228
38676507640,672241,2025-01-20,0.16361094717122734
38676507640,672241,2025-01-27,0.1677974205718236
38676507640,672241,2025-02-03,0.17192995057519192
38676507640,672241,2025-02-10,0.1760083645469604
38676507640,672241,2025-02-17,0.18003286258828882
38676507640,672241,2025-02-24,0.18400362883522936
38676507640,672241,2025-03-03,0.18792049541872613
38676661854,672241,2024-11-25,0.5562084703128928
38676661854,672241,2024-12-02,0.579608974930058
38676661854,672241,2024-12-09,0.6028100201292963
38676661854,672241,2024-12-16,0.6258110931966046
38676661854,672241,2024-12-23,0.6486118169531573
38676661854,672241,2024-12-30,0.6712118502805193
38676661854,672241,2025-01-06,0.6936110484681939
38676661854,672241,2025-01-13,0.7158093666231463
38676661854,672241,2025-01-20,0.7378068949346297
38676661854,672241,2025-01-27,0.7596036251472478
38676661854,672241,2025-02-03,0.7811998248859573
38676661854,672241,2025-02-10,0.8025955409766559
38676661854,672241,2025-02-17,0.8237907742777858
38676661854,672241,2025-02-24,0.8447855383608739
38676661854,672241,2025-03-03,0.8655797331371924
38676704412,672241,2024-11-25,0.28845947128166566
38676704412,672241,2024-12-02,0.2884594475240238
38676704412,672241,2024-12-09,0.2884594658094286
38676704412,672241,2024-12-16,0.288459492275851
38676704412,672241,2024-12-23,0.2884595023274402
38676704412,672241,2024-12-30,0.2884594638194392
38676704412,672241,2025-01-06,0.28845946031471736
38676704412,672241,2025-01-13,0.2884594779075188
38676704412,672241,2025-01-20,0.28845944937888623
38676704412,672241,2025-01-27,0.2884594540399425
38676704412,672241,2025-02-03,0.28845945325011385
38676704412,672241,2025-02-10,0.2884594722985618
38676704412,672241,2025-02-17,0.28845948207173827
38676704412,672241,2025-02-24,0.28845946254837873
38676704412,672241,2025-03-03,0.2884594417839009
38676726059,672241,2024-11-25,0.11554393233091788
38676726059,672241,2024-12-02,0.6156942135972248
38676726059,672241,2024-12-09,0.11554776492668795
38676726059,672241,2024-12-16,0.11552068574469038
38676726059,672241,2024-12-23,0.11549573936308685
38676726059,672241,2024-12-30,0.11547278097881272
38676726059,672241,2025-01-06,0.11545176471477553
38676726059,672241,2025-01-13,0.11543257815273376
38676726059,672241,2025-01-20,0.11541507389788316
38676726059,672241,2025-01-27,0.11539923936381896
38676726059,672241,2025-02-03,0.11538491314329366
38676726059,672241,2025-02-10,0.11537204053383229
38676726059,672241,2025-02-17,0.11536048474849178
38676726059,672241,2025-02-24,0.11535016636023274
38676726059,672241,2025-03-03,0.11534096643051131
38676919811,672241,2024-11-25,0.4903825552357184
38676919811,672241,2024-12-02,0.4903825326208516
38676919811,672241,2024-12-09,0.4903825254140466
38676919811,672241,2024-12-16,0.4903825158985728
38676919811,672241,2024-12-23,0.4903825489183863
38676919811,672241,2024-12-30,0.4903825615962144
38676919811,672241,2025-01-06,0.4903825145989871
38676919811,672241,2025-01-13,0.49038255247492557
38676919811,672241,2025-01-20,0.4903825000612463
38676919811,672241,2025-01-27,0.49038256349578546
38676919811,672241,2025-02-03,0.49038257431879234
38676919811,672241,2025-02-10,0.49038253189312164
38676919811,672241,2025-02-17,0.49038253711571766
38676919811,672241,2025-02-24,0.49038256403912245
38676919811,672241,2025-03-03,0.49038251752225404
38676944496,672241,2024-11-25,1.9087213792565854
38676944496,672241,2024-12-02,1.9087008856207306
38676944496,672241,2024-12-09,1.908724045029711
38676944496,672241,2024-12-16,1.9087633563079653
38676944496,672241,2024-12-23,1.9088035296086925
38676944496,672241,2024-12-30,1.9088425211382176
38676944496,672241,2025-01-06,1.9088800141555131
38676944496,672241,2025-01-13,1.9089182276647558
38676944496,672241,2025-01-20,1.908960531705443
38676944496,672241,2025-01-27,1.9090129895579708
38676944496,672241,2025-02-03,1.9090811194563106
38676944496,672241,2025-02-10,1.909166041717195
38676944496,672241,2025-02-17,1.909265185132361
38676944496,672241,2025-02-24,1.9093756052969364
38676944496,672241,2025-03-03,1.9094850989787457
38677029055,672241,2024-11-25,0.4326646719951516
38677029055,672241,2024-12-02,0.43267286935242255
38677029055,672241,2024-12-09,0.4326793359364901
38677029055,672241,2024-12-16,0.4326842791076767
38677029055,672241,2024-12-23,0.43268790413142855
38677029055,672241,2024-12-30,0.43269045386810384
38677029055,672241,2025-01-06,0.43269212752049574
38677029055,672241,2025-01-13,0.43269309793662825
38677029055,672241,2025-01-20,0.43269345683556637
38677029055,672241,2025-01-27,0.4326933371050263
38677029055,672241,2025-02-03,0.43269283708003464
38677029055,672241,2025-02-10,0.43269209291565125
38677029055,672241,2025-02-17,0.43269120706624525
38677029055,672241,2025-02-24,0.43269021131051283
38677029055,672241,2025-03-03,0.4326891684739732
38677032646,672241,2024-11-25,0.6178046461991633
38677032646,672241,2024-12-02,0.6179822872634589
38677032646,672241,2024-12-09,0.6180698286278202
38677032646,672241,2024-12-16,0.6181061842554556
38677032646,672241,2024-12-23,0.6181156244383288
38677032646,672241,2024-12-30,0.618117307244394
38677032646,672241,2025-01-06,0.6181172870130618
38677032646,672241,2025-01-13,0.6181147398136912
38677032646,672241,2025-01-20,0.6181200010510295
38677032646,672241,2025-01-27,0.6181318463487162
38677032646,672241,2025-02-03,0.6181464964703792
38677032646,672241,2025-02-10,0.6181675486371577
38677032646,672241,2025-02-17,0.6181922287791608
38677032646,672241,2025-02-24,0.6182151284850047
38677032646,672241,2025-03-03,0.618231382412586
38677051225,672241,2024-11-25,2.9999500915792052
38677051225,672241,2024-12-02,2.9999349840786245
38677051225,672241,2024-12-09,2.9999269950890053
38677051225,672241,2024-12-16,2.999920092623474
38677051225,672241,2024-12-23,2.999918132187756
38677051225,672241,2024-12-30,2.9999427814651405
38677051225,672241,2025-01-06,2.999968926190629
38677051225,672241,2025-01-13,2.999996996868436
38677051225,672241,2025-01-20,3.0000266061879945
38677051225,672241,2025-01-27,3.000052783708559
38677051225,672241,2025-02-03,3.0000781225986244
38677051225,672241,2025-02-10,3.000109336881435
38677051225,672241,2025-02-17,3.0001271086863524
38677051225,672241,2025-02-24,3.000144875424933
38677051225,672241,2025-03-03,3.0001443468253504
38677090284,672241,2024-11-25,3.227036903464948
38677090284,672241,2024-12-02,3.3145625860261605
38677090284,672241,2024-12-09,3.400853830047737
38677090284,672241,2024-12-16,3.4859594181485867
38677090284,672241,2024-12-23,3.5699158169761214
38677090284,672241,2024-12-30,3.652754116948571
38677090284,672241,2025-01-06,3.7344851370558927
38677090284,672241,2025-01-13,3.8151205951391582
38677090284,672241,2025-01-20,3.894682243220506
38677090284,672241,2025-01-27,3.9731717414830476
38677090284,672241,2025-02-03,4.0505826627762955
38677090284,672241,2025-02-10,4.126936403442333
38677090284,672241,2025-02-17,4.202217680318695
38677090284,672241,2025-02-24,4.276422816776128
38677090284,672241,2025-03-03,4.3495408390574495
38677235450,672241,2024-11-25,1.285520326214115
38677235450,672241,2024-12-02,1.2855721704547993
38677235450,672241,2024-12-09,1.2856031445702203
38677235450,672241,2024-12-16,1.2856267915214878
38677235450,672241,2024-12-23,1.2856455929943522
38677235450,672241,2024-12-30,1.2856579864954458
38677235450,672241,2025-01-06,1.2856642957959534
38677235450,672241,2025-01-13,1.2856648951197958
38677235450,672241,2025-01-20,1.2856633280278913
38677235450,672241,2025-01-27,1.2856570918473125
38677235450,672241,2025-02-03,1.2856430944640334
38677235450,672241,2025-02-10,1.2856293480661476
38677235450,672241,2025-02-17,1.2856202176298985
38677235450,672241,2025-02-24,1.2856100215313686
38677235450,672241,2025-03-03,1.2855992137267669
38677320037,672241,2024-11-25,0.2019306465275111
38677320037,672241,2024-12-02,0.2019305559351039
38677320037,672241,2024-12-09,0.20193041314435667
38677320037,672241,2024-12-16,0.2019302080326585
38677320037,672241,2024-12-23,0.20192992592682862
38677320037,672241,2024-12-30,0.2019295691490367
38677320037,672241,2025-01-06,0.20192916149132692
38677320037,672241,2025-01-13,0.2019287139885464
38677320037,672241,2025-01-20,0.20192821988082413
38677320037,672241,2025-01-27,0.20192774918600842
38677320037,672241,2025-02-03,0.2019273254078543
38677320037,672241,2025-02-10,0.20192691345371108
38677320037,672241,2025-02-17,0.20192651976431245
38677320037,672241,2025-02-24,0.20192619104675985
38677320037,672241,2025-03-03,0.20192591247174502
38677419399,672241,2024-11-25,0.5577501499290548
38677419399,672241,2024-12-02,0.05769249571736954
38677419399,672241,2024-12-09,0.057682441449609156
38677419399,672241,2024-12-16,0.05767473684565525
38677419399,672241,2024-12-23,0.05766916129512819
38677419399,672241,2024-12-30,0.05766468325773245
38677419399,672241,2025-01-06,0.0576619328511192
38677419399,672241,2025-01-13,0.05766157671383919
38677419399,672241,2025-01-20,0.05766261978916166
38677419399,672241,2025-01-27,0.057664840784592206
38677419399,672241,2025-02-03,0.057668059841997785
38677419399,672241,2025-02-10,0.0576721059049603
38677419399,672241,2025-02-17,0.057676809392180124
38677419399,672241,2025-02-24,0.0576812041750298
38677419399,672241,2025-03-03,0.05768600026242012
38677459566,672241,2024-11-25,0.05766565919180068
38677459566,672241,2024-12-02,0.05767703652039889
38677459566,672241,2024-12-09,0.05768609810541542
38677459566,672241,2024-12-16,0.057693024329840636
38677459566,672241,2024-12-23,0.057697998023973116
38677459566,672241,2024-12-30,0.05770105270731184
38677459566,672241,2025-01-06,0.05770362701119086
38677459566,672241,2025-01-13,0.05770494246893783
38677459566,672241,2025-01-20,0.057704190244480244
38677459566,672241,2025-01-27,0.05770338720308567
38677459566,672241,2025-02-03,0.05770209985515905
38677459566,672241,2025-02-10,0.0576999777885963
38677459566,672241,2025-02-17,0.05769764805794039
38677459566,672241,2025-02-24,0.05769508891805898
38677459566,672241,2025-03-03,0.05769233224425048
38677463756,672241,2024-11-25,0.14946548670386112
38677463756,672241,2024-12-02,0.15168414093085952
38677463756,672241,2024-12-09,0.15366471160102674
38677463756,672241,2024-12-16,0.15542322791826133
38677463756,672241,2024-12-23,0.1569759385091153
38677463756,672241,2024-12-30,0.15542767481857958
38677463756,672241,2025-01-06,0.15079035396622414
38677463756,672241,2025-01-13,0.14889474128129856
38677463756,672241,2025-01-20,0.14975265699857848
38677463756,672241,2025-01-27,0.15046890563729876
38677463756,672241,2025-02-03,0.1510596438147765
38677463756,672241,2025-02-10,0.151540746418606
38677463756,672241,2025-02-17,0.1519276757756731
38677463756,672241,2025-02-24,0.1493238764964634
38677463756,672241,2025-03-03,0.146650904816238
38677465824,672241,2024-11-25,0.9466836429097107
38677465824,672241,2024-12-02,1.4793377010921267
38677465824,672241,2024-12-09,1.0116874835516332
38677465824,672241,2024-12-16,1.0436997567645774
38677465824,672241,2024-12-23,1.0753701309687713
38677465824,672241,2024-12-30,1.106691188830154
38677465824,672241,2025-01-06,1.1376536243246884
38677465824,672241,2025-01-13,1.168252786393614
38677465824,672241,2025-01-20,1.1984835257697053
38677465824,672241,2025-01-27,1.2283434303815357
38677465824,672241,2025-02-03,1.2578305561810272
38677465824,672241,2025-02-10,1.286943337679764
38677465824,672241,2025-02-17,1.315681520554179
38677465824,672241,2025-02-24,1.3440445212855938
38677465824,672241,2025-03-03,1.3720327697312138
38781988859,672241,2024-11-25,20.000051983400212
38781988859,672241,2024-12-02,20.999843278424027
38781988859,672241,2024-12-09,22.99959930556415
38781988859,672241,2024-12-16,25.999367268770936
38781988859,672241,2024-12-23,27.499078088507705
38781988859,672241,2024-12-30,24.99861472807573
38781988859,672241,2025-01-06,23.998076599912608
38781988859,672241,2025-01-13,22.99767733802353
38781988859,672241,2025-01-20,22.99752321530683
38781988859,672241,2025-01-27,22.997401490064707
38781988859,672241,2025-02-03,20.497259129838646
38781988859,672241,2025-02-10,17.996950967044185
38781988859,672241,2025-02-17,17.996564672331427
38781988859,672241,2025-02-24,17.99622443196249
38781988859,672241,2025-03-03,17.99598803212706
38800819249,672241,2024-11-25,1.291463957908861
38800819249,672241,2024-12-02,1.3343218092416549
38800819249,672241,2024-12-09,1.3768193846866086
38800819249,672241,2024-12-16,1.4189569713193657
38800819249,672241,2024-12-23,1.460734739692218
38800819249,672241,2024-12-30,1.5021529324079268
38800819249,672241,2025-01-06,1.5432117031627275
38800819249,672241,2025-01-13,1.5839097973453808
38800819249,672241,2025-01-20,1.6242486751767367
38800819249,672241,2025-01-27,1.6642283607666188
38800819249,672241,2025-02-03,1.7038482049494943
38800819249,672241,2025-02-10,1.7431102303373778
38800819249,672241,2025-02-17,1.782013695201605
38800819249,672241,2025-02-24,1.8205565216441162
38800819249,672241,2025-03-03,1.8587394004809092
38800942867,672241,2024-11-25,0.13911839586136887
38800942867,672241,2024-12-02,0.13911628584353097
38800942867,672241,2024-12-09,0.13911109738177072
38800942867,672241,2024-12-16,0.1391037538435216
38800942867,672241,2024-12-23,0.13909501510000208
38800942867,672241,2024-12-30,0.1390854506792688
38800942867,672241,2025-01-06,0.13907565627812704
38800942867,672241,2025-01-13,0.13906611665043336
38800942867,672241,2025-01-20,0.13905736649695988
38800942867,672241,2025-01-27,0.13904990027802214
38800942867,672241,2025-02-03,0.13904423488315099
38800942867,672241,2025-02-10,0.13904098377407118
38800942867,672241,2025-02-17,0.1390407420471655
38800942867,672241,2025-02-24,0.13904418641941516
38800942867,672241,2025-03-03,0.13905201909569656
38801183774,672241,2024-11-25,0.8408638619052462
38801183774,672241,2024-12-02,0.34085892056201206
38801183774,672241,2024-12-09,0.8408866710617726
38801183774,672241,2024-12-16,2.340858358027776
38801183774,672241,2024-12-23,0.8408706320569319
38801183774,672241,2024-12-30,0.3408240626850413
38801183774,672241,2025-01-06,0.3408310014201811
38801183774,672241,2025-01-13,0.8408643349040728
38801183774,672241,2025-01-20,0.8408978052968482
38801183774,672241,2025-01-27,0.3409313899734278
38801183774,672241,2025-02-03,0.8409398709822802
38801183774,672241,2025-02-10,1.340954650018285
38801183774,672241,2025-02-17,1.3409674451741254
38801183774,672241,2025-02-24,0.8410061202389718
38801183774,672241,2025-03-03,1.8409887974568289
38801498118,672241,2024-11-25,0.6057679772504703
38801498118,672241,2024-12-02,1.1057683819633177
38801498118,672241,2024-12-09,0.6057679146733109
38801498118,672241,2024-12-16,1.6057687210781593
38801498118,672241,2024-12-23,0.6057680319821068
38801498118,672241,2024-12-30,1.1057684343038003
38801498118,672241,2025-01-06,0.6057680126961094
38801498118,672241,2025-01-13,0.6057678845754554
38801498118,672241,2025-01-20,1.1057682396216482
38801498118,672241,2025-01-27,0.6057679370801754
38801498118,672241,2025-02-03,1.105768106218017
38801498118,672241,2025-02-10,0.6057679404183478
38801498118,672241,2025-02-17,0.6057677959701568
38801498118,672241,2025-02-24,0.6057678576570511
38801498118,672241,2025-03-03,0.605768080500765
38801689265,672241,2024-11-25,2.982320565592935
38801689265,672241,2024-12-02,0.9823196756436623
38801689265,672241,2024-12-09,0.9820535083149033
38801689265,672241,2024-12-16,0.981939693621376
38801689265,672241,2024-12-23,0.9819443944006857
38801689265,672241,2024-12-30,1.9818143521686586
38801689265,672241,2025-01-06,1.4819621386622397
38801689265,672241,2025-01-13,1.4819935496759364
38801689265,672241,2025-01-20,0.9821373862305427
38801689265,672241,2025-01-27,1.9820038725070765
38801689265,672241,2025-02-03,1.4821249327202
38801689265,672241,2025-02-10,0.9822303029561286
38801689265,672241,2025-02-17,1.9820520037784721
38801689265,672241,2025-02-24,0.9822393863337725
38801689265,672241,2025-03-03,1.482136831750084
38801749516,672241,2024-11-25,0.028688504150776506
38801749516,672241,2024-12-02,0.028715032892125528
38801749516,672241,2024-12-09,0.0287399504297694
38801749516,672241,2024-12-16,0.028763220786784213
38801749516,672241,2024-12-23,0.028784984208249306
38801749516,672241,2024-12-30,0.028805120148852184
38801749516,672241,2025-01-06,0.02882381198733794
38801749516,672241,2025-01-13,0.02884097497015685
38801749516,672241,2025-01-20,0.028856711807641752
38801749516,672241,2025-01-27,0.5288335039905633
38801749516,672241,2025-02-03,0.02888004888389817
38801749516,672241,2025-02-10,0.028890577535886253
38801749516,672241,2025-02-17,0.028900635413333542
38801749516,672241,2025-02-24,0.02891156975381605
38801749516,672241,2025-03-03,0.028921426749495827
38802030325,672241,2024-11-25,0.4134005886709681
38802030325,672241,2024-12-02,-0.08659663505337958
38802030325,672241,2024-12-09,-0.08659021779733765
38802030325,672241,2024-12-16,-0.08658406860743043
38802030325,672241,2024-12-23,-0.08657809720862937
38802030325,672241,2024-12-30,-0.0865724594890881
38802030325,672241,2025-01-06,-0.08656708624454089
38802030325,672241,2025-01-13,-0.0865618926862376
38802030325,672241,2025-01-20,-0.08655685155784375
38802030325,672241,2025-01-27,-0.08655197226544664
38802030325,672241,2025-02-03,-0.08654727571706242
38802030325,672241,2025-02-10,-0.08654259779328394
38802030325,672241,2025-02-17,-0.08653804689507588
38802030325,672241,2025-02-24,-0.08653377757981309
38802030325,672241,2025-03-03,-0.08652952233019867
38802044766,672241,2024-11-25,0.12297723640019885
38802044766,672241,2024-12-02,0.12300599771255288
38802044766,672241,2024-12-09,0.12303361364205802
38802044766,672241,2024-12-16,0.12305097237698978
38802044766,672241,2024-12-23,0.12304708894162834
38802044766,672241,2024-12-30,0.12301034040861936
38802044766,672241,2025-01-06,1.1229480529051608
38802044766,672241,2025-01-13,0.6229415802931675
38802044766,672241,2025-01-20,1.1229643718593416
38802044766,672241,2025-01-27,0.12303784525350578
38802044766,672241,2025-02-03,0.12307645711568298
38802044766,672241,2025-02-10,0.6230786057525757
38802044766,672241,2025-02-17,0.12309419982337541
38802044766,672241,2025-02-24,0.12309439230948245
38802044766,672241,2025-03-03,0.12308043343862715
38802062486,672241,2024-11-25,1.0058151713226497
38802062486,672241,2024-12-02,1.0058223590545636
38802062486,672241,2024-12-09,1.0058502066797654
38802062486,672241,2024-12-16,1.0059000192159153
38802062486,672241,2024-12-23,1.0059756785060985
38802062486,672241,2024-12-30,2.006310615808082
38802062486,672241,2025-01-06,2.006395414364006
38802062486,672241,2025-01-13,2.006465226905841
38802062486,672241,2025-01-20,2.506646579850997
38802062486,672241,2025-01-27,3.0067857859426486
38802062486,672241,2025-02-03,1.0062895515963097
38802062486,672241,2025-02-10,1.006283767923556
38802062486,672241,2025-02-17,1.0063241827553515
38802062486,672241,2025-02-24,1.0063961606718876
38802062486,672241,2025-03-03,2.0067129002930626
38802063648,672241,2024-11-25,1.2401761371952185
38802063648,672241,2024-12-02,1.2402405190554469
38802063648,672241,2024-12-09,1.240290469601236
38802063648,672241,2024-12-16,1.240326788123161
38802063648,672241,2024-12-23,1.2403507868540804
38802063648,672241,2024-12-30,1.2403617442074153
38802063648,672241,2025-01-06,1.7403791169675151
38802063648,672241,2025-01-13,1.7403769329484968
38802063648,672241,2025-01-20,2.2403897848726655
38802063648,672241,2025-01-27,2.2403928002823967
38802063648,672241,2025-02-03,1.2403673696266242
38802063648,672241,2025-02-10,2.240401027360344
38802063648,672241,2025-02-17,1.2403727006299443
38802063648,672241,2025-02-24,1.2403674037660137
38802063648,672241,2025-03-03,2.740403035919492
38834652679,672241,2024-11-25,0.2529525907254589
38834652679,672241,2024-12-02,0.2529540845964504
38834652679,672241,2024-12-09,0.7529539888354565
38834652679,672241,2024-12-16,0.2529495299445903
38834652679,672241,2024-12-23,0.25294345999630174
38834652679,672241,2024-12-30,0.2529389307883431
38834652679,672241,2025-01-06,0.25293584729593843
38834652679,672241,2025-01-13,0.2529347160845663
38834652679,672241,2025-01-20,0.2529381110455874
38834652679,672241,2025-01-27,1.2529414124497615
38834652679,672241,2025-02-03,0.2529408369130818
38834652679,672241,2025-02-10,0.7529409992476124
38834652679,672241,2025-02-17,0.7529416083080069
38834652679,672241,2025-02-24,0.2529418433161974
38834652679,672241,2025-03-03,0.7529437562322718
38854310471,672241,2024-11-25,-0.05734099620035298
38854310471,672241,2024-12-02,-0.057543756609723856
38854310471,672241,2024-12-09,-0.05768052228229093
38854310471,672241,2024-12-16,-0.05776959925402363
38854310471,672241,2024-12-23,-0.057824679299587095
38854310471,672241,2024-12-30,-0.057855804869210846
38854310471,672241,2025-01-06,-0.05787040409259761
38854310471,672241,2025-01-13,-0.05787380305718911
38854310471,672241,2025-01-20,-0.05786976343883843
38854310471,672241,2025-01-27,-0.05786090924909397
38854310471,672241,2025-02-03,-0.0578489483901168
38854310471,672241,2025-02-10,-0.05783503708821809
38854310471,672241,2025-02-17,-0.057821584159557536
38854310471,672241,2025-02-24,-0.05781108446108102
38854310471,672241,2025-03-03,-0.05779675654461886
38854484797,672241,2024-11-25,-0.029138960505231862
38854484797,672241,2024-12-02,-0.02915531865209153
38854484797,672241,2024-12-09,-0.029170329875104997
38854484797,672241,2024-12-16,-0.029183969630023884
38854484797,672241,2024-12-23,-0.02919627798574186
38854484797,672241,2024-12-30,-0.029207248043580686
38854484797,672241,2025-01-06,-0.02921690620503644
38854484797,672241,2025-01-13,-0.02922525292344412
38854484797,672241,2025-01-20,-0.029232324247699792
38854484797,672241,2025-01-27,-0.02923811239634979
38854484797,672241,2025-02-03,-0.029242668299701922
38854484797,672241,2025-02-10,-0.029300523372418768
38854484797,672241,2025-02-17,-0.02935726874396303
38854484797,672241,2025-02-24,-0.029358415582914042
38854484797,672241,2025-03-03,-0.029249446169243017
38854578923,672241,2024-11-25,-0.31730379975379974
38854578923,672241,2024-12-02,-0.31730413733923807
38854578923,672241,2024-12-09,-0.3173041358652061
38854578923,672241,2024-12-16,-0.3173046526520055
38854578923,672241,2024-12-23,-0.317305423533379
38854578923,672241,2024-12-30,-0.3173065584387955
38854578923,672241,2025-01-06,0.18271584277500685
38854578923,672241,2025-01-13,-0.31730715995646613
38854578923,672241,2025-01-20,-0.3173071790826273
38854578923,672241,2025-01-27,-0.317307662927787
38854578923,672241,2025-02-03,-0.31730801255580626
38854578923,672241,2025-02-10,-0.31730899359238496
38854578923,672241,2025-02-17,-0.3173104691087227
38854578923,672241,2025-02-24,-0.3173122354463218
38854578923,672241,2025-03-03,-0.3173134639584801
38854638939,672241,2024-11-25,0.30388332681476726
38854638939,672241,2024-12-02,0.3037525199560831
38854638939,672241,2024-12-09,0.30371855968484407
38854638939,672241,2024-12-16,0.3037295523360344
38854638939,672241,2024-12-23,0.30376133199651467
38854638939,672241,2024-12-30,0.303807464042091
38854638939,672241,2025-01-06,0.8038716810001942
38854638939,672241,2025-01-13,0.30384047937355724
38854638939,672241,2025-01-20,0.303828851715603
38854638939,672241,2025-01-27,0.3038272656713412
38854638939,672241,2025-02-03,0.3038304626917309
38854638939,672241,2025-02-10,0.30383631329292404
38854638939,672241,2025-02-17,0.30384424229027235
38854638939,672241,2025-02-24,0.30385481103643025
38854638939,672241,2025-03-03,0.30386674168433625
38854719931,672241,2024-11-25,0.057690098270051525
38854719931,672241,2024-12-02,0.05769011523590354
38854719931,672241,2024-12-09,0.0576901415626941
38854719931,672241,2024-12-16,0.05769010881201778
38854719931,672241,2024-12-23,0.05769013899203299
38854719931,672241,2024-12-30,0.05769011718281568
38854719931,672241,2025-01-06,0.05769011817295233
38854719931,672241,2025-01-13,0.05769015090909059
38854719931,672241,2025-01-20,0.05769012514441686
38854719931,672241,2025-01-27,0.057690120850825144
38854719931,672241,2025-02-03,0.05769012204074184
38854719931,672241,2025-02-10,0.05769018274915885
38854719931,672241,2025-02-17,0.057690142163675365
38854719931,672241,2025-02-24,0.05769015955276449
38854719931,672241,2025-03-03,1.0576902795485936
38854871121,672241,2024-11-25,0.08668920075736686
38854871121,672241,2024-12-02,0.08665104876355677
38854871121,672241,2024-12-09,0.08662140047502256
38854871121,672241,2024-12-16,0.0865998412847391
38854871121,672241,2024-12-23,0.0865859652397248
38854871121,672241,2024-12-30,0.08657934569410278
38854871121,672241,2025-01-06,0.0865795887039233
38854871121,672241,2025-01-13,0.08658707891195927
38854871121,672241,2025-01-20,0.5865587438807072
38854871121,672241,2025-01-27,0.08659937858186713
38854871121,672241,2025-02-03,0.0866029043315891
38854871121,672241,2025-02-10,0.08661151496503988
38854871121,672241,2025-02-17,0.08662516637768003
38854871121,672241,2025-02-24,0.08664261096330317
38854871121,672241,2025-03-03,0.5866211466113549
38873536553,672241,2024-11-25,0.0
38873536553,672241,2024-12-02,0.0
38873536553,672241,2024-12-09,0.0
38873536553,672241,2024-12-16,0.0
38873536553,672241,2024-12-23,0.0
38873536553,672241,2024-12-30,0.0
38873536553,672241,2025-01-06,0.0
38873536553,672241,2025-01-13,0.0
38873536553,672241,2025-01-20,0.0
38873536553,672241,2025-01-27,0.0
38873536553,672241,2025-02-03,0.0
38873536553,672241,2025-02-10,0.0
38873536553,672241,2025-02-17,0.0
38873536553,672241,2025-02-24,0.0
38873536553,672241,2025-03-03,0.0
38874052232,672241,2024-11-25,-0.5189350076497464
38874052232,672241,2024-12-02,-0.5189592647556899
38874052232,672241,2024-12-09,-0.5189753692280629
38874052232,672241,2024-12-16,-0.5189873439190978
38874052232,672241,2024-12-23,-0.5189976443451454
38874052232,672241,2024-12-30,-0.5190075280586726
38874052232,672241,2025-01-06,-0.5190175913122725
38874052232,672241,2025-01-13,-0.5190278185221253
38874052232,672241,2025-01-20,-0.5190371506449318
38874052232,672241,2025-01-27,-0.519046269111775
38874052232,672241,2025-02-03,-0.5190559938546471
38874052232,672241,2025-02-10,-0.5190655296167014
38874052232,672241,2025-02-17,-0.5190750979148722
38874052232,672241,2025-02-24,-0.5190849979264864
38874052232,672241,2025-03-03,-0.5190955569112258
39231034278,672241,2024-11-25,0.5902823863180079
39231034278,672241,2024-12-02,0.6077950070624559
39231034278,672241,2024-12-09,0.6251004289472735
39231034278,672241,2024-12-16,0.6421983036187237
39231034278,672241,2024-12-23,0.6590890683684758
39231034278,672241,2024-12-30,0.675772587889692
39231034278,672241,2025-01-06,0.6922488419532723
39231034278,672241,2025-01-13,0.7085180632659068
39231034278,672241,2025-01-20,0.724580022692447
39231034278,672241,2025-01-27,0.7404345610894286
39231034278,672241,2025-02-03,0.7560816008196258
39231034278,672241,2025-02-10,0.7715208547297708
39231034278,672241,2025-02-17,0.786752024373717
39231034278,672241,2025-02-24,1.3017882562749212
39231034278,672241,2025-03-03,0.816595517598816
39233070674,672241,2024-11-25,0.2347065915450858
39233070674,672241,2024-12-02,0.23461297063561035
39233070674,672241,2024-12-09,0.7345694375130302
39233070674,672241,2024-12-16,0.23457167239247628
39233070674,672241,2024-12-23,0.23460608343999176
39233070674,672241,2024-12-30,1.2346145645569127
39233070674,672241,2025-01-06,0.23463797643403173
39233070674,672241,2025-01-13,0.7346324123997326
39233070674,672241,2025-01-20,0.7346180109159529
39233070674,672241,2025-01-27,0.23460624317695902
39233070674,672241,2025-02-03,0.23460825548214717
39233070674,672241,2025-02-10,0.7346001428325909
39233070674,672241,2025-02-17,0.2345960498895862
39233070674,672241,2025-02-24,0.23458649677985355
39233070674,672241,2025-03-03,0.2345855618612675
39233433918,672241,2024-11-25,0.23075344653374505
39233433918,672241,2024-12-02,0.23075011087641778
39233433918,672241,2024-12-09,0.2307477695562461
39233433918,672241,2024-12-16,0.7307432715243867
39233433918,672241,2024-12-23,0.2307445021557162
39233433918,672241,2024-12-30,0.2307434837231401
39233433918,672241,2025-01-06,0.2307433787462256
39233433918,672241,2025-01-13,0.7307408119586822
39233433918,672241,2025-01-20,0.23074388485791275
39233433918,672241,2025-01-27,0.2307444430592062
39233433918,672241,2025-02-03,0.2307455945606097
39233433918,672241,2025-02-10,0.230747429325726
39233433918,672241,2025-02-17,0.7307465282170897
39233433918,672241,2025-02-24,0.23075085565392436
39233433918,672241,2025-03-03,0.23075226838738416
39233458243,672241,2024-11-25,0.5753810711413437
39233458243,672241,2024-12-02,0.5757157091353922
39233458243,672241,2024-12-09,0.5759846092612434
39233458243,672241,2024-12-16,0.5761855035278618
39233458243,672241,2024-12-23,0.5763226545576549
39233458243,672241,2024-12-30,0.5763991001165975
39233458243,672241,2025-01-06,0.576416131038171
39233458243,672241,2025-01-13,0.5763807907286347
39233458243,672241,2025-01-20,2.5768756950106515
39233458243,672241,2025-01-27,0.5764305716382355
39233458243,672241,2025-02-03,0.5765283468437943
39233458243,672241,2025-02-10,0.5765873761338559
39233458243,672241,2025-02-17,1.076753120904
39233458243,672241,2025-02-24,0.5766608386495875
39233458243,672241,2025-03-03,0.5766764418172194
39233855712,672241,2024-11-25,0.7798931556370337
39233855712,672241,2024-12-02,1.2792980674539964
39233855712,672241,2024-12-09,0.7787923325691758
39233855712,672241,2024-12-16,0.7784684870814284
39233855712,672241,2024-12-23,0.7782754181605183
39233855712,672241,2024-12-30,0.778195970149307
39233855712,672241,2025-01-06,0.7782263942752137
39233855712,672241,2025-01-13,1.7783304925811307
39233855712,672241,2025-01-20,2.2783068617906643
39233855712,672241,2025-01-27,0.7781719757595489
39233855712,672241,2025-02-03,1.278201454654739
39233855712,672241,2025-02-10,0.7782179564221334
39233855712,672241,2025-02-17,1.7783037645898176
39233855712,672241,2025-02-24,1.2782545759389352
39233855712,672241,2025-03-03,0.7782383138044539
39234021695,672241,2024-11-25,-0.34664279347464905
39234021695,672241,2024-12-02,-0.34663392433171325
39234021695,672241,2024-12-09,-0.3466139481040824
39234021695,672241,2024-12-16,-0.3465933673294057
39234021695,672241,2024-12-23,-0.3465829848667077
39234021695,672241,2024-12-30,-0.34658272367060144
39234021695,672241,2025-01-06,-0.34659316232711035
39234021695,672241,2025-01-13,-0.34660966495047674
39234021695,672241,2025-01-20,-0.3466274529802201
39234021695,672241,2025-01-27,-0.346638839864765
39234021695,672241,2025-02-03,-0.3466484761925894
39234021695,672241,2025-02-10,-0.34667388882374073
39234021695,672241,2025-02-17,0.1532971122263646
39234021695,672241,2025-02-24,1.6534097806363637
39234021695,672241,2025-03-03,-0.3467297446504995
39267672963,672241,2024-11-25,0.057717495311636474
39267672963,672241,2024-12-02,0.05771225042995163
39267672963,672241,2024-12-09,0.057699426767087524
39267672963,672241,2024-12-16,0.057677393250567414
39267672963,672241,2024-12-23,0.5576385154568735
39267672963,672241,2024-12-30,0.05768251974962368
39267672963,672241,2025-01-06,0.05771034131281327
39267672963,672241,2025-01-13,0.057728457060107013
39267672963,672241,2025-01-20,0.05773853831879017
39267672963,672241,2025-01-27,0.05774234915568967
39267672963,672241,2025-02-03,0.05774157744677176
39267672963,672241,2025-02-10,0.057737803298277754
39267672963,672241,2025-02-17,0.0577324188035672
39267672963,672241,2025-02-24,0.05772663018131021
39267672963,672241,2025-03-03,0.05772144210713423
39267673237,672241,2024-11-25,0.02850555882064993
39267673237,672241,2024-12-02,0.028551121695754307
39267673237,672241,2024-12-09,0.02860395335651341
39267673237,672241,2024-12-16,0.028662425429530597
39267673237,672241,2024-12-23,0.028725182149554336
39267673237,672241,2024-12-30,0.028791213706100736
39267673237,672241,2025-01-06,1.029679843616584
39267673237,672241,2025-01-13,0.028869125873999403
39267673237,672241,2025-01-20,0.028879252756958275
39267673237,672241,2025-01-27,0.028889135632387673
39267673237,672241,2025-02-03,0.02889803160096885
39267673237,672241,2025-02-10,0.02890540444402133
39267673237,672241,2025-02-17,0.028910868183193876
39267673237,672241,2025-02-24,0.028914226140951967
39267673237,672241,2025-03-03,0.0289075253561846
39267673893,672241,2024-11-25,0.42148171247194527
39267673893,672241,2024-12-02,-0.10149761075181835
39267673893,672241,2024-12-09,-0.12421351870740759
39267673893,672241,2024-12-16,1.3532640503405846
39267673893,672241,2024-12-23,-0.1687088700133917
39267673893,672241,2024-12-30,0.309483665031936
39267673893,672241,2025-01-06,-0.21193635068405217
39267673893,672241,2025-01-13,0.266880337762608
39267673893,672241,2025-01-20,-0.2539128690920603
39267673893,672241,2025-01-27,-0.27443164272619763
39267673893,672241,2025-02-03,-0.29464107695183206
39267673893,672241,2025-02-10,0.18542437015809715
39267673893,672241,2025-02-17,-0.33411664206816993
39267673893,672241,2025-02-24,-0.35338098848842314
39267673893,672241,2025-03-03,-0.37233401895314977
39267674193,672241,2024-11-25,0.09172127727058992
39267674193,672241,2024-12-02,0.09541784921405151
39267674193,672241,2024-12-09,0.09907299764129787
39267674193,672241,2024-12-16,0.10268673414677386
39267674193,672241,2024-12-23,0.10625908376333074
39267674193,672241,2024-12-30,0.1097900602339179
39267674193,672241,2025-01-06,0.11327968379908121
39267674193,672241,2025-01-13,0.11672797322518286
39267674193,672241,2025-01-20,0.12013495408761277
39267674193,672241,2025-01-27,0.12350064317994855
39267674193,672241,2025-02-03,0.12682506973006014
39267674193,672241,2025-02-10,0.13010824952922365
39267674193,672241,2025-02-17,0.13335019415256325
39267674193,672241,2025-02-24,0.136550929822108
39267674193,672241,2025-03-03,0.13971069430388353
39267674431,672241,2024-11-25,0.0870374549304527
39267674431,672241,2024-12-02,0.08697191660541932
39267674431,672241,2024-12-09,0.0869179772570471
39267674431,672241,2024-12-16,0.08687525585826453
39267674431,672241,2024-12-23,0.08684335978112492
39267674431,672241,2024-12-30,0.08682189599465624
39267674431,672241,2025-01-06,0.086810486105123
39267674431,672241,2025-01-13,0.08680872529253432
39267674431,672241,2025-01-20,0.08681621958849364
39267674431,672241,2025-01-27,0.08683259011898353
39267674431,672241,2025-02-03,0.0868574490244485
39267674431,672241,2025-02-10,0.08689041261821745
39267674431,672241,2025-02-17,0.08693112290678126
39267674431,672241,2025-02-24,0.5869117897086299
39267674431,672241,2025-03-03,0.0870347816410619
39267674723,672241,2024-11-25,0.47532498023550185
39267674723,672241,2024-12-02,0.47533962137585917
39267674723,672241,2024-12-09,0.4753462088815532
39267674723,672241,2024-12-16,0.4753473914935666
39267674723,672241,2024-12-23,0.4753448260795744
39267674723,672241,2024-12-30,0.47533977475601463
39267674723,672241,2025-01-06,0.47533350632229815
39267674723,672241,2025-01-13,0.47532651317809793
39267674723,672241,2025-01-20,0.4753195678508064
39267674723,672241,2025-01-27,0.4753129412040472
39267674723,672241,2025-02-03,0.4753066007890109
39267674723,672241,2025-02-10,0.4753016007374345
39267674723,672241,2025-02-17,0.47529681580615085
39267674723,672241,2025-02-24,0.47529204889604393
39267674723,672241,2025-03-03,0.4752885169317899
39267675034,672241,2024-11-25,0.5192288608910577
39267675034,672241,2024-12-02,0.5192288525083244
39267675034,672241,2024-12-09,0.5192288249501443
39267675034,672241,2024-12-16,0.5192287972475474
39267675034,672241,2024-12-23,0.5192288275509448
39267675034,672241,2024-12-30,0.519228818372502
39267675034,672241,2025-01-06,0.5192288692515237
39267675034,672241,2025-01-13,0.5192288303283231
39267675034,672241,2025-01-20,0.5192288536626656
39267675034,672241,2025-01-27,0.5192288352246267
39267675034,672241,2025-02-03,0.5192288537714159
39267675034,672241,2025-02-10,0.5192287986934918
39267675034,672241,2025-02-17,0.5192288374226397
39267675034,672241,2025-02-24,0.5192288396387678
39267675034,672241,2025-03-03,0.5192288663182731
39814768574,672241,2024-11-25,9.107885912450183
39814768574,672241,2024-12-02,4.107842705392309
39814768574,672241,2024-12-09,5.108014638178795
39814768574,672241,2024-12-16,6.608063675315641
39814768574,672241,2024-12-23,7.108028635590977
39814768574,672241,2024-12-30,8.108188551722844
39814768574,672241,2025-01-06,6.608381909227155
39814768574,672241,2025-01-13,3.6083360804256914
39814768574,672241,2025-01-20,6.608336639614872
39814768574,672241,2025-01-27,4.607971108823576
39814768574,672241,2025-02-03,5.107906595639919
39814768574,672241,2025-02-10,4.107886974928461
39814768574,672241,2025-02-17,4.107985251404297
39814768574,672241,2025-02-24,3.1078888448987745
39814768574,672241,2025-03-03,4.60770442078453
40000050358,672241,2024-11-25,0.057777439626020125
40000050358,672241,2024-12-02,0.05776122831120718
40000050358,672241,2024-12-09,0.057746499349340744
40000050358,672241,2024-12-16,0.05773319473529085
40000050358,672241,2024-12-23,0.05772128568149089
40000050358,672241,2024-12-30,0.05771073259198779
40000050358,672241,2025-01-06,0.057701501473974785
40000050358,672241,2025-01-13,0.05769354849812241
40000050358,672241,2025-01-20,0.05768683634078328
40000050358,672241,2025-01-27,0.0576813197710734
40000050358,672241,2025-02-03,0.05767696827381705
40000050358,672241,2025-02-10,0.05767374207075779
40000050358,672241,2025-02-17,0.057671593546495335
40000050358,672241,2025-02-24,0.05767048702090404
40000050358,672241,2025-03-03,0.057670387970922485
40154920524,672241,2024-11-25,0.865288552779435
40154920524,672241,2024-12-02,0.8652877855161093
40154920524,672241,2024-12-09,1.3652890931007042
40154920524,672241,2024-12-16,0.8652970170799678
40154920524,672241,2024-12-23,1.3653010684643176
40154920524,672241,2024-12-30,0.8653095173890113
40154920524,672241,2025-01-06,0.8653149384333566
40154920524,672241,2025-01-13,1.3653174472062939
40154920524,672241,2025-01-20,0.8653234959341781
40154920524,672241,2025-01-27,0.8653260432039699
40154920524,672241,2025-02-03,0.8653280503496059
40154920524,672241,2025-02-10,1.3653276940003978
40154920524,672241,2025-02-17,2.365325172096232
40154920524,672241,2025-02-24,1.8653288005468678
40154920524,672241,2025-03-03,0.8653335508885097
40154921194,672241,2024-11-25,1.2404414632329914
40154921194,672241,2024-12-02,1.240402200358368
40154921194,672241,2024-12-09,1.2403758852762143
40154921194,672241,2024-12-16,1.2403558637372998
40154921194,672241,2024-12-23,1.2403393908083271
40154921194,672241,2024-12-30,1.7403329464072095
40154921194,672241,2025-01-06,1.240311133483293
40154921194,672241,2025-01-13,3.2403350813187197
40154921194,672241,2025-01-20,3.2403317170919013
40154921194,672241,2025-01-27,1.7403096293383118
40154921194,672241,2025-02-03,1.7403177039645792
40154921194,672241,2025-02-10,2.240336521845095
40154921194,672241,2025-02-17,1.7403408880245077
40154921194,672241,2025-02-24,1.7403543326762414
40154921194,672241,2025-03-03,1.2403591070996691
40545530187,672241,2024-11-25,0.0865400420091825
40545530187,672241,2024-12-02,0.08653965935782398
40545530187,672241,2024-12-09,0.08653929510173365
40545530187,672241,2024-12-16,0.08653896457068018
40545530187,672241,2024-12-23,0.08653865111598148
40545530187,672241,2024-12-30,0.08653836345340102
40545530187,672241,2025-01-06,0.08653810528586706
40545530187,672241,2025-01-13,0.5865400296308132
40545530187,672241,2025-01-20,0.08653755204391958
40545530187,672241,2025-01-27,0.08653725739060095
40545530187,672241,2025-02-03,0.08653699045056908
40545530187,672241,2025-02-10,0.08653675814309636
40545530187,672241,2025-02-17,0.08653654923604037
40545530187,672241,2025-02-24,0.08653636493134988
40545530187,672241,2025-03-03,0.08653620689324948
40545530450,672241,2024-11-25,0.030045222955078738
40545530450,672241,2024-12-02,0.030019168489129416
40545530450,672241,2024-12-09,0.02999338326995058
40545530450,672241,2024-12-16,0.02996785185026024
40545530450,672241,2024-12-23,0.029942592814106182
40545530450,672241,2024-12-30,0.029917613694439172
40545530450,672241,2025-01-06,0.02989290426023039
40545530450,672241,2025-01-13,0.02986850726452671
40545530450,672241,2025-01-20,0.029844391511650234
40545530450,672241,2025-01-27,0.029820581563309266
40545530450,672241,2025-02-03,0.029797080270439966
40545530450,672241,2025-02-10,0.029773883394046408
40545530450,672241,2025-02-17,0.029751022709080747
40545530450,672241,2025-02-24,0.02972848076768245
40545530450,672241,2025-03-03,0.02970698082498322
40790539263,672241,2024-11-25,2.1773271761083683
40790539263,672241,2024-12-02,2.6772694832194937
40790539263,672241,2024-12-09,2.677237881788459
40790539263,672241,2024-12-16,3.177185506603032
40790539263,672241,2024-12-23,2.6772023625040853
40790539263,672241,2024-12-30,3.1771785134524526
40790539263,672241,2025-01-06,2.1772485413051266
40790539263,672241,2025-01-13,2.177256602453657
40790539263,672241,2025-01-20,3.177205571430963
40790539263,672241,2025-01-27,3.6771957662704473
40790539263,672241,2025-02-03,2.6772848216339806
40790539263,672241,2025-02-10,2.677317372189111
40790539263,672241,2025-02-17,2.177366436345576
40790539263,672241,2025-02-24,2.177371360192782
40790539263,672241,2025-03-03,2.6773377370995104
41273567751,672241,2024-11-25,8.714851787127355
41273567751,672241,2024-12-02,9.287987699706106
41273567751,672241,2024-12-09,9.85538019656549
41273567751,672241,2024-12-16,10.416956105427554
41273567751,672241,2024-12-23,10.972703068885565
41273567751,672241,2024-12-30,11.522626439442154
41273567751,672241,2025-01-06,12.066731214702928
41273567751,672241,2025-01-13,12.605024777629849
41273567751,672241,2025-01-20,13.137522179684096
41273567751,672241,2025-01-27,13.664203223977687
41273567751,672241,2025-02-03,15.185033416516854
41273567751,672241,2025-02-10,16.70005801108207
41273567751,672241,2025-02-17,16.70920744400745
41273567751,672241,2025-02-24,19.712513900950775
41273567751,672241,2025-03-03,16.710081551222725
41273568359,672241,2024-11-25,1.3269463302423135
41273568359,672241,2024-12-02,1.3269488526464124
41273568359,672241,2024-12-09,1.3269505433064568
41273568359,672241,2024-12-16,1.3269516126874115
41273568359,672241,2024-12-23,1.3269523881847705
41273568359,672241,2024-12-30,1.3269537346281588
41273568359,672241,2025-01-06,1.3269550284345597
41273568359,672241,2025-01-13,1.326956023255501
41273568359,672241,2025-01-20,1.3269574283926542
41273568359,672241,2025-01-27,1.3269584798256995
41273568359,672241,2025-02-03,1.8269654921595686
41273568359,672241,2025-02-10,3.326982810662744
41273568359,672241,2025-02-17,1.8269578008025817
41273568359,672241,2025-02-24,2.826968188390449
41273568359,672241,2025-03-03,1.3269446831765017
41273568614,672241,2024-11-25,1.5266416699818082
41273568614,672241,2024-12-02,1.5266154157163034
41273568614,672241,2024-12-09,1.526598640476758
41273568614,672241,2024-12-16,1.5265891824702305
41273568614,672241,2024-12-23,1.5265852531381483
41273568614,672241,2024-12-30,1.526584784764791
41273568614,672241,2025-01-06,1.5265868708019579
41273568614,672241,2025-01-13,1.5265907339040379
41273568614,672241,2025-01-20,1.5265972237276844
41273568614,672241,2025-01-27,2.0265997882308344
41273568614,672241,2025-02-03,2.026603562281198
41273568614,672241,2025-02-10,2.0266011438857823
41273568614,672241,2025-02-17,2.0265940866744034
41273568614,672241,2025-02-24,1.526592249600892
41273568614,672241,2025-03-03,2.026582270927392
41276985638,672241,2024-11-25,0.3461547273152548
41276985638,672241,2024-12-02,0.34615440563578664
41276985638,672241,2024-12-09,0.346154308611817
41276985638,672241,2024-12-16,0.34615426587876796
41276985638,672241,2024-12-23,0.34615416874474036
41276985638,672241,2024-12-30,0.3461540615738584
41276985638,672241,2025-01-06,0.8461554283275448
41276985638,672241,2025-01-13,0.34615396322957065
41276985638,672241,2025-01-20,0.34615355194361497
41276985638,672241,2025-01-27,0.8461547270678191
41276985638,672241,2025-02-03,0.8461547215386325
41276985638,672241,2025-02-10,0.3461530516276309
41276985638,672241,2025-02-17,0.8461542441572204
41276985638,672241,2025-02-24,0.34615246954090934
41276985638,672241,2025-03-03,0.8461537292199379
41491392694,672241,2024-11-25,10.079870831823365
41491392694,672241,2024-12-02,10.079928466705576
41491392694,672241,2024-12-09,10.079896860424583
41491392694,672241,2024-12-16,10.07863597086914
41491392694,672241,2024-12-23,10.07785666321953
41491392694,672241,2024-12-30,10.077665279241545
41491392694,672241,2025-01-06,10.0774082532964
41491392694,672241,2025-01-13,10.076897468017428
41491392694,672241,2025-01-20,10.076433599065115
41491392694,672241,2025-01-27,10.075863962697627
41491392694,672241,2025-02-03,10.075248664399151
41491392694,672241,2025-02-10,11.074799998922476
41491392694,672241,2025-02-17,11.574245276189822
41491392694,672241,2025-02-24,10.57371976952647
41491392694,672241,2025-03-03,10.573571555922484
41491392968,672241,2024-11-25,4.860963259732268
41491392968,672241,2024-12-02,4.9998125384174354
41491392968,672241,2024-12-09,5.1369560948022945
41491392968,672241,2024-12-16,5.272414504673285
41491392968,672241,2024-12-23,5.406196087368945
41491392968,672241,2024-12-30,5.538314095590668
41491392968,672241,2025-01-06,5.668765500009372
41491392968,672241,2025-01-13,5.797552656199193
41491392968,672241,2025-01-20,5.924670697400101
41491392968,672241,2025-01-27,6.050110684883155
41491392968,672241,2025-02-03,6.173867815501739
41491392968,672241,2025-02-10,6.2959470814194285
41491392968,672241,2025-02-17,6.416344150791575
41491392968,672241,2025-02-24,6.535054617397478
41491392968,672241,2025-03-03,6.652072220901882
41491393273,672241,2024-11-25,8.999824839336105
41491393273,672241,2024-12-02,8.999698467133012
41491393273,672241,2024-12-09,8.999637449108254
41491393273,672241,2024-12-16,8.999568020468836
41491393273,672241,2024-12-23,8.999444716336033
41491393273,672241,2024-12-30,8.999290707431332
41491393273,672241,2025-01-06,8.999127729803217
41491393273,672241,2025-01-13,8.999045790183525
41491393273,672241,2025-01-20,8.999074259686912
41491393273,672241,2025-01-27,8.999150105324157
41491393273,672241,2025-02-03,8.99927326615396
41491393273,672241,2025-02-10,8.999480787060342
41491393273,672241,2025-02-17,9.49975417701947
41491393273,672241,2025-02-24,9.500056350658832
41491393273,672241,2025-03-03,9.500297053367564
41491394123,672241,2024-11-25,0.599261725290033
41491394123,672241,2024-12-02,0.5992511087748827
41491394123,672241,2024-12-09,0.5992674025740035
41491394123,672241,2024-12-16,0.5992944683095036
41491394123,672241,2024-12-23,0.5993058016530359
41491394123,672241,2024-12-30,0.599320429064549
41491394123,672241,2025-01-06,0.599364306471813
41491394123,672241,2025-01-13,0.5994545261199327
41491394123,672241,2025-01-20,0.5995782253024874
41491394123,672241,2025-01-27,0.5996960369240365
41491394123,672241,2025-02-03,0.5997819148316801
41491394123,672241,2025-02-10,0.5998391357447054
41491394123,672241,2025-02-17,0.5998624551740159
41491394123,672241,2025-02-24,0.5999131488350243
41491394123,672241,2025-03-03,1.099964386872844
41513223318,672241,2024-11-25,1.604239513715985
41513223318,672241,2024-12-02,1.6041944838863467
41513223318,672241,2024-12-09,1.60400789703069
41513223318,672241,2024-12-16,1.603787931363041
41513223318,672241,2024-12-23,1.6034907171861539
41513223318,672241,2024-12-30,1.603146991972685
41513223318,672241,2025-01-06,1.6027555150426447
41513223318,672241,2025-01-13,1.6023722909776803
41513223318,672241,2025-01-20,1.602002373277199
41513223318,672241,2025-01-27,1.6016926308115742
41513223318,672241,2025-02-03,1.6014237736874486
41513223318,672241,2025-02-10,1.601161937026474
41513223318,672241,2025-02-17,1.6008977306599848
41513223318,672241,2025-02-24,1.6006340950740063
41513223318,672241,2025-03-03,1.600379673743571
41514786616,672241,2024-11-25,3.1560923315243805
41514786616,672241,2024-12-02,3.3247033656160103
41514786616,672241,2024-12-09,3.491744172438983
41514786616,672241,2024-12-16,3.657214342393921
41514786616,672241,2024-12-23,3.8211143102952922
41514786616,672241,2024-12-30,3.9834440282308146
41514786616,672241,2025-01-06,4.1442042981541665
41514786616,672241,2025-01-13,4.303394377702189
41514786616,672241,2025-01-20,4.461012908420825
41514786616,672241,2025-01-27,4.6170608303491045
41514786616,672241,2025-02-03,4.771537385947509
41514786616,672241,2025-02-10,4.924443124054163
41514786616,672241,2025-02-17,5.075778238940205
41514786616,672241,2025-02-24,5.225541101039128
41514786616,672241,2025-03-03,5.373732031381741
41515050363,672241,2024-11-25,3.0000727935837275
41515050363,672241,2024-12-02,3.0000700466576107
41515050363,672241,2024-12-09,3.0000286848371127
41515050363,672241,2024-12-16,2.999933175759549
41515050363,672241,2024-12-23,2.999810081968312
41515050363,672241,2024-12-30,2.9996859808842062
41515050363,672241,2025-01-06,2.999584724970793
41515050363,672241,2025-01-13,2.99949932385802
41515050363,672241,2025-01-20,2.999432867187237
41515050363,672241,2025-01-27,2.999404802579947
41515050363,672241,2025-02-03,2.9994016770677856
41515050363,672241,2025-02-10,2.999432749924951
41515050363,672241,2025-02-17,2.9995004183453773
41515050363,672241,2025-02-24,2.9995608711496238
41515050363,672241,2025-03-03,2.9996100352335744
41603545216,672241,2024-11-25,2.060840997407138
41603545216,672241,2024-12-02,2.06065341020863
41603545216,672241,2024-12-09,2.060533061871812
41603545216,672241,2024-12-16,2.0604046872380293
41603545216,672241,2024-12-23,2.0603143738418965
41603545216,672241,2024-12-30,2.0602497873958687
41603545216,672241,2025-01-06,2.0602119812795587
41603545216,672241,2025-01-13,2.060226264851167
41603545216,672241,2025-01-20,2.0602581025750304
41603545216,672241,2025-01-27,2.060303706286554
41603545216,672241,2025-02-03,2.5603979890166633
41603545216,672241,2025-02-10,2.560426920784136
41603545216,672241,2025-02-17,2.5604758723064918
41603545216,672241,2025-02-24,3.0606093836649233
41603545216,672241,2025-03-03,2.5606480723926595
41604602159,672241,2024-11-25,0.8377455245932517
41604602159,672241,2024-12-02,0.8376258235385348
41604602159,672241,2024-12-09,0.8375482453920365
41604602159,672241,2024-12-16,0.8375028512206211
41604602159,672241,2024-12-23,0.8374826703662147
41604602159,672241,2024-12-30,0.8374802937871931
41604602159,672241,2025-01-06,0.8374906854567595
41604602159,672241,2025-01-13,0.8375096330154402
41604602159,672241,2025-01-20,0.837534103235388
41604602159,672241,2025-01-27,0.8375608460436902
41604602159,672241,2025-02-03,0.837586252083239
41604602159,672241,2025-02-10,0.8376078808286763
41604602159,672241,2025-02-17,0.8376223294925403
41604602159,672241,2025-02-24,0.8376252283516464
41604602159,672241,2025-03-03,0.8376131113597438
41605550723,672241,2024-11-25,0.9620631488038272
41605550723,672241,2024-12-02,0.9871705782121895
41605550723,672241,2024-12-09,1.011960057064209
41605550723,672241,2024-12-16,1.0364320440746368
41605550723,672241,2024-12-23,1.060586745139858
41605550723,672241,2024-12-30,1.0844246736270233
41605550723,672241,2025-01-06,1.107946274044965
41605550723,672241,2025-01-13,1.1311519412110975
41605550723,672241,2025-01-20,1.1540421021643765
41605550723,672241,2025-01-27,1.1766171459260637
41605550723,672241,2025-02-03,1.1988776090914286
41605550723,672241,2025-02-10,1.2208239591272732
41605550723,672241,2025-02-17,1.2424566879680936
41605550723,672241,2025-02-24,1.2637760269439837
41605550723,672241,2025-03-03,1.2847818002365374
41662780238,672241,2024-11-25,1.3557668232759688
41662780238,672241,2024-12-02,1.3557666841599427
41662780238,672241,2024-12-09,1.3557664294796752
41662780238,672241,2024-12-16,1.3557665621765551
41662780238,672241,2024-12-23,1.3557664442230744
41662780238,672241,2024-12-30,1.3557664656960444
41662780238,672241,2025-01-06,1.355766455769716
41662780238,672241,2025-01-13,1.3557663782173128
41662780238,672241,2025-01-20,1.3557662905873908
41662780238,672241,2025-01-27,1.355766176363691
41662780238,672241,2025-02-03,2.3557638573448303
41662780238,672241,2025-02-10,1.3557660261788012
41662780238,672241,2025-02-17,1.8557649373124936
41662780238,672241,2025-02-24,2.8557628263293333
41662780238,672241,2025-03-03,1.3557660838292398
41662784784,672241,2024-11-25,15.912916178422728
41662784784,672241,2024-12-02,15.912853648166298
41662784784,672241,2024-12-09,15.913168038033515
41662784784,672241,2024-12-16,15.913287051228489
41662784784,672241,2024-12-23,15.913415765780199
41662784784,672241,2024-12-30,15.913490505114957
41662784784,672241,2025-01-06,15.913489078044943
41662784784,672241,2025-01-13,15.913381548717037
41662784784,672241,2025-01-20,15.913320929536512
41662784784,672241,2025-01-27,15.912995505137223
41662784784,672241,2025-02-03,17.912807803852147
41662784784,672241,2025-02-10,16.912572801730423
41662784784,672241,2025-02-17,17.912512791287888
41662784784,672241,2025-02-24,18.412118778529358
41662784784,672241,2025-03-03,21.41241780673245
41662829751,672241,2024-11-25,4.864771309044942
41662829751,672241,2024-12-02,4.957937322466014
41662829751,672241,2024-12-09,5.049504709672958
41662829751,672241,2024-12-16,5.139495077913456
41662829751,672241,2024-12-23,5.227903159322382
41662829751,672241,2024-12-30,5.314747583197542
41662829751,672241,2025-01-06,5.400031693528766
41662829751,672241,2025-01-13,5.48375122662498
41662829751,672241,2025-01-20,5.565918007280045
41662829751,672241,2025-01-27,5.646526002680961
41662829751,672241,2025-02-03,5.725560838259778
41662829751,672241,2025-02-10,6.303054683570814
41662829751,672241,2025-02-17,7.379022176222968
41662829751,672241,2025-02-24,6.953404084220186
41662829751,672241,2025-03-03,8.02628257485945
41844855621,672241,2024-11-25,-0.00015245719746354025
41844855621,672241,2024-12-02,-0.0002225967976697829
41844855621,672241,2024-12-09,-0.00027087999237057625
41844855621,672241,2024-12-16,-0.00030397695634493127
41844855621,672241,2024-12-23,-0.0003350193229196552
41844855621,672241,2024-12-30,-0.00036419814144691975
41844855621,672241,2025-01-06,-0.00040052595073222785
41844855621,672241,2025-01-13,-0.0004460479317925925
41844855621,672241,2025-01-20,-0.0004927644533685716
41844855621,672241,2025-01-27,-0.0005436557403336595
41844855621,672241,2025-02-03,-0.0005930989049612589
41844855621,672241,2025-02-10,-0.0006203452720594249
41844855621,672241,2025-02-17,-0.0006490012888387686
41844855621,672241,2025-02-24,-0.0006449021464057236
41844855621,672241,2025-03-03,-0.0006083369689211526
41844855933,672241,2024-11-25,-0.00013553656966375227
41844855933,672241,2024-12-02,-0.0002316916241064948
41844855933,672241,2024-12-09,-0.0003368100870934365
41844855933,672241,2024-12-16,-0.0004406240245059534
41844855933,672241,2024-12-23,-0.0005365179214980864
41844855933,672241,2024-12-30,-0.000622213903622687
41844855933,672241,2025-01-06,-0.0006949383532923459
41844855933,672241,2025-01-13,-0.000739916809257446
41844855933,672241,2025-01-20,-0.0007798311805569391
41844855933,672241,2025-01-27,-0.000786772902609284
41844855933,672241,2025-02-03,-0.000780171968148724
41844855933,672241,2025-02-10,-0.0007814148802356147
41844855933,672241,2025-02-17,-0.0007908698709573614
41844855933,672241,2025-02-24,-0.0008187491583806494
41844855933,672241,2025-03-03,0.49911033871415356
41844856242,672241,2024-11-25,0.08653636084352427
41844856242,672241,2024-12-02,0.08653636517079663
41844856242,672241,2024-12-09,0.08653636615334313
41844856242,672241,2024-12-16,0.08653636860127545
41844856242,672241,2024-12-23,0.08653637401643534
41844856242,672241,2024-12-30,0.08653636852646446
41844856242,672241,2025-01-06,0.08653636705378755
41844856242,672241,2025-01-13,0.0865363693377006
41844856242,672241,2025-01-20,0.08653637190807817
41844856242,672241,2025-01-27,0.08653637223613714
41844856242,672241,2025-02-03,0.08653637896817633
41844856242,672241,2025-02-10,0.0865363793592508
41844856242,672241,2025-02-17,0.08653637490686877
41844856242,672241,2025-02-24,0.08653637899757415
41844856242,672241,2025-03-03,0.08653637968324981
41859075396,672241,2024-11-25,13.250488218175539
41859075396,672241,2024-12-02,13.250010456763134
41859075396,672241,2024-12-09,13.249574608004599
41859075396,672241,2024-12-16,13.24917564921272
41859075396,672241,2024-12-23,13.24880497500376
41859075396,672241,2024-12-30,13.248598931145015
41859075396,672241,2025-01-06,13.248560618881344
41859075396,672241,2025-01-13,13.248549027990348
41859075396,672241,2025-01-20,13.248441268143408
41859075396,672241,2025-01-27,13.248238136624714
41859075396,672241,2025-02-03,13.248093973582147
41859075396,672241,2025-02-10,13.248224353828999
41859075396,672241,2025-02-17,13.24865736571656
41859075396,672241,2025-02-24,13.24920643907162
41859075396,672241,2025-03-03,13.749542239637744
41895087041,672241,2024-11-25,0.0
41895087041,672241,2024-12-02,0.0
41895087041,672241,2024-12-09,0.0
41895087041,672241,2024-12-16,0.0
41895087041,672241,2024-12-23,0.0
41895087041,672241,2024-12-30,0.0
41895087041,672241,2025-01-06,0.0
41895087041,672241,2025-01-13,0.0
41895087041,672241,2025-01-20,0.0
41895087041,672241,2025-01-27,0.0
41895087041,672241,2025-02-03,0.0
41895087041,672241,2025-02-10,0.0
41895087041,672241,2025-02-17,0.0
41895087041,672241,2025-02-24,0.0
41895087041,672241,2025-03-03,0.0
41911704936,672241,2024-11-25,0.6346763737723067
41911704936,672241,2024-12-02,0.6346713601419863
41911704936,672241,2024-12-09,0.6346667100560546
41911704936,672241,2024-12-16,0.634662336594923
41911704936,672241,2024-12-23,0.6346582178735571
41911704936,672241,2024-12-30,0.634654433052143
41911704936,672241,2025-01-06,0.6346509025085668
41911704936,672241,2025-01-13,0.634647631893769
41911704936,672241,2025-01-20,0.6346446906121006
41911704936,672241,2025-01-27,0.6346419806443663
41911704936,672241,2025-02-03,0.6346395489917457
41911704936,672241,2025-02-10,0.6346373594830598
41911704936,672241,2025-02-17,0.6346354679323621
41911704936,672241,2025-02-24,0.6346336384970971
41911704936,672241,2025-03-03,0.6346325174105709
41911928478,672241,2024-11-25,1.6052342498298704
41911928478,672241,2024-12-02,1.6236630231621927
41911928478,672241,2024-12-09,1.6416078189270622
41911928478,672241,2024-12-16,1.6590763915797733
41911928478,672241,2024-12-23,1.6760746827866253
41911928478,672241,2024-12-30,1.6926082899585764
41911928478,672241,2025-01-06,1.7086814163529669
41911928478,672241,2025-01-13,1.7242989336737768
41911928478,672241,2025-01-20,1.7394627876225337
41911928478,672241,2025-01-27,1.7541759322531083
41911928478,672241,2025-02-03,1.7684396006022063
41911928478,672241,2025-02-10,1.7822538929160947
41911928478,672241,2025-02-17,1.7956199186356305
41911928478,672241,2025-02-24,1.8085364813586438
41911928478,672241,2025-03-03,2.321010222657316
41931934851,672241,2024-11-25,0.05792648467285286
41931934851,672241,2024-12-02,0.05792194356289668
41931934851,672241,2024-12-09,0.05791124502490936
41931934851,672241,2024-12-16,0.057895105708369324
41931934851,672241,2024-12-23,0.05787436173416563
41931934851,672241,2024-12-30,0.05784970653537402
41931934851,672241,2025-01-06,0.0578219183463679
41931934851,672241,2025-01-13,0.05779173542082627
41931934851,672241,2025-01-20,0.057759661205012296
41931934851,672241,2025-01-27,0.05772639543545036
41931934851,672241,2025-02-03,0.05769253256603693
41931934851,672241,2025-02-10,0.05765860474460306
41931934851,672241,2025-02-17,0.05762513459861948
41931934851,672241,2025-02-24,0.05759249753454669
41931934851,672241,2025-03-03,0.057561245727353896
42041590570,672241,2024-11-25,0.026490323551540407
42041590570,672241,2024-12-02,0.026478266007027074
42041590570,672241,2024-12-09,0.026500591305172072
42041590570,672241,2024-12-16,0.026525468225590987
42041590570,672241,2024-12-23,0.02654052803911494
42041590570,672241,2024-12-30,0.026545311762084245
42041590570,672241,2025-01-06,0.026544602161098108
42041590570,672241,2025-01-13,0.02654477805242017
42041590570,672241,2025-01-20,0.02655231320934015
42041590570,672241,2025-01-27,0.02656614248010275
42041590570,672241,2025-02-03,0.02658315168977804
42041590570,672241,2025-02-10,0.026592565964240367
42041590570,672241,2025-02-17,0.02658617296609933
42041590570,672241,2025-02-24,0.026563501319579685
42041590570,672241,2025-03-03,0.02656042107975448
42200461570,672241,2024-11-25,0.022325821668685603
42200461570,672241,2024-12-02,0.02237326389291326
42200461570,672241,2024-12-09,0.022337681788718644
42200461570,672241,2024-12-16,0.022286262066063572
42200461570,672241,2024-12-23,0.022249617626488097
42200461570,672241,2024-12-30,0.02222450769905636
42200461570,672241,2025-01-06,0.022200449371070838
42200461570,672241,2025-01-13,0.022171718502585952
42200461570,672241,2025-01-20,0.022138754436816135
42200461570,672241,2025-01-27,0.022104771557460698
42200461570,672241,2025-02-03,0.022072418851381143
42200461570,672241,2025-02-10,0.022044034369791243
42200461570,672241,2025-02-17,0.022023483724184084
42200461570,672241,2025-02-24,0.022014806845614673
42200461570,672241,2025-03-03,0.022020911589293632
42332432433,672241,2024-11-25,0.49023243432453845
42332432433,672241,2024-12-02,0.4901768960340115
42332432433,672241,2024-12-09,0.4901496276385242
42332432433,672241,2024-12-16,0.490142784417072
42332432433,672241,2024-12-23,0.4901461737279397
42332432433,672241,2024-12-30,0.49016216863451706
42332432433,672241,2025-01-06,0.4901869675743926
42332432433,672241,2025-01-13,0.49021924788833127
42332432433,672241,2025-01-20,0.49025568717544404
42332432433,672241,2025-01-27,0.4902941560803029
42332432433,672241,2025-02-03,0.49033305725595755
42332432433,672241,2025-02-10,0.4903713351808182
42332432433,672241,2025-02-17,0.49040817717713625
42332432433,672241,2025-02-24,0.490442490670609
42332432433,672241,2025-03-03,0.490482206490475
42332432797,672241,2024-11-25,0.5192283922281453
42332432797,672241,2024-12-02,0.5192284533163166
42332432797,672241,2024-12-09,0.5192285838377733
42332432797,672241,2024-12-16,0.5192288160703201
42332432797,672241,2024-12-23,0.5192290377917624
42332432797,672241,2024-12-30,0.5192294554373182
42332432797,672241,2025-01-06,0.5192297850773526
42332432797,672241,2025-01-13,0.5192300561731482
42332432797,672241,2025-01-20,0.5192302869393345
42332432797,672241,2025-01-27,0.5192305861980566
42332432797,672241,2025-02-03,0.519230563222076
42332432797,672241,2025-02-10,0.5192307600881509
42332432797,672241,2025-02-17,0.519231016403608
42332432797,672241,2025-02-24,0.5192309740207535
42332432797,672241,2025-03-03,0.519231069686974
42332433059,672241,2024-11-25,0.5162342500536585
42332433059,672241,2024-12-02,0.516324179511301
42332433059,672241,2024-12-09,0.5163427723655333
42332433059,672241,2024-12-16,0.5163232982714645
42332433059,672241,2024-12-23,0.5162927052044026
42332433059,672241,2024-12-30,0.5162697945377224
42332433059,672241,2025-01-06,0.5162626831527335
42332433059,672241,2025-01-13,0.5162752579295904
42332433059,672241,2025-01-20,0.516306623640855
42332433059,672241,2025-01-27,0.5163508348599476
42332433059,672241,2025-02-03,0.5164022256160277
42332433059,672241,2025-02-10,0.5164538955666489
42332433059,672241,2025-02-17,0.5164996448337225
42332433059,672241,2025-02-24,0.5165356687004578
42332433059,672241,2025-03-03,0.5165602506204318
42332433314,672241,2024-11-25,0.28841011506621766
42332433314,672241,2024-12-02,0.28842314815472136
42332433314,672241,2024-12-09,0.2884344342099706
42332433314,672241,2024-12-16,0.2884442810987039
42332433314,672241,2024-12-23,0.28845269407882884
42332433314,672241,2024-12-30,0.2884598460870417
42332433314,672241,2025-01-06,0.2884656915756658
42332433314,672241,2025-01-13,0.2884704709903531
42332433314,672241,2025-01-20,0.2884741434137184
42332433314,672241,2025-01-27,0.28847697395152594
42332433314,672241,2025-02-03,0.2884789061463815
42332433314,672241,2025-02-10,0.28848001023369946
42332433314,672241,2025-02-17,0.288480445189481
42332433314,672241,2025-02-24,0.288480239675378
42332433314,672241,2025-03-03,0.2884795610951477
42332433924,672241,2024-11-25,0.23011560650386745
42332433924,672241,2024-12-02,0.23027679286254568
42332433924,672241,2024-12-09,0.23043048881750305
42332433924,672241,2024-12-16,0.230577856497231
42332433924,672241,2024-12-23,0.23072015710842805
42332433924,672241,2024-12-30,0.23082921144374582
42332433924,672241,2025-01-06,0.23089624659794675
42332433924,672241,2025-01-13,0.2309607462574579
42332433924,672241,2025-01-20,0.23101384058965108
42332433924,672241,2025-01-27,0.23102729862531304
42332433924,672241,2025-02-03,0.23100204734033325
42332433924,672241,2025-02-10,0.2309389008020632
42332433924,672241,2025-02-17,0.2308387305054538
42332433924,672241,2025-02-24,0.230702180391251
42332433924,672241,2025-03-03,0.23052986740064874
42834137936,672241,2024-11-25,0.017499311964694453
42834137936,672241,2024-12-02,0.017335926149849912
42834137936,672241,2024-12-09,0.017210751253547762
42834137936,672241,2024-12-16,0.01712904073815602
42834137936,672241,2024-12-23,0.017103714342175613
42834137936,672241,2024-12-30,0.017139791963873052
42834137936,672241,2025-01-06,0.01722768311591316
42834137936,672241,2025-01-13,0.017343731004980767
42834137936,672241,2025-01-20,0.017461391673986304
42834137936,672241,2025-01-27,0.017560222873078013
42834137936,672241,2025-02-03,0.017630532092652196
42834137936,672241,2025-02-10,0.017675131016754664
42834137936,672241,2025-02-17,0.017702593525453447
42834137936,672241,2025-02-24,0.017726798106285746
42834137936,672241,2025-03-03,0.01775734528099704
42931106661,672241,2024-11-25,0.028899064091201188
42931106661,672241,2024-12-02,0.028944925252959077
42931106661,672241,2024-12-09,0.028979507370656157
42931106661,672241,2024-12-16,0.029003975143131557
42931106661,672241,2024-12-23,0.029019458910135503
42931106661,672241,2024-12-30,0.02902706185014669
42931106661,672241,2025-01-06,0.029027820720938475
42931106661,672241,2025-01-13,0.02902274667197737
42931106661,672241,2025-01-20,0.029012771519511003
42931106661,672241,2025-01-27,0.028998792716868307
42931106661,672241,2025-02-03,0.02898164182731589
42931106661,672241,2025-02-10,0.028963945834428705
42931106661,672241,2025-02-17,0.02894433452686118
42931106661,672241,2025-02-24,0.028921379335532293
42931106661,672241,2025-03-03,0.02889753192459439
42931107278,672241,2024-11-25,0.0
42931107278,672241,2024-12-02,0.0
42931107278,672241,2024-12-09,0.0
42931107278,672241,2024-12-16,0.0
42931107278,672241,2024-12-23,0.0
42931107278,672241,2024-12-30,0.0
42931107278,672241,2025-01-06,0.0
42931107278,672241,2025-01-13,0.0
42931107278,672241,2025-01-20,0.0
42931107278,672241,2025-01-27,0.0
42931107278,672241,2025-02-03,0.0
42931107278,672241,2025-02-10,0.0
42931107278,672241,2025-02-17,0.0
42931107278,672241,2025-02-24,0.0
42931107278,672241,2025-03-03,0.0
42931107587,672241,2024-11-25,0.0
42931107587,672241,2024-12-02,0.0
42931107587,672241,2024-12-09,0.0
42931107587,672241,2024-12-16,0.0
42931107587,672241,2024-12-23,0.0
42931107587,672241,2024-12-30,0.0
42931107587,672241,2025-01-06,0.0
42931107587,672241,2025-01-13,0.0
42931107587,672241,2025-01-20,0.0
42931107587,672241,2025-01-27,0.0
42931107587,672241,2025-02-03,0.0
42931107587,672241,2025-02-10,0.0
42931107587,672241,2025-02-17,0.0
42931107587,672241,2025-02-24,0.0
42931107587,672241,2025-03-03,0.0
42931107890,672241,2024-11-25,0.0
42931107890,672241,2024-12-02,0.0
42931107890,672241,2024-12-09,0.0
42931107890,672241,2024-12-16,0.0
42931107890,672241,2024-12-23,0.0
42931107890,672241,2024-12-30,0.0
42931107890,672241,2025-01-06,0.0
42931107890,672241,2025-01-13,0.0
42931107890,672241,2025-01-20,0.0
42931107890,672241,2025-01-27,0.0
42931107890,672241,2025-02-03,0.0
42931107890,672241,2025-02-10,0.0
42931107890,672241,2025-02-17,0.0
42931107890,672241,2025-02-24,0.0
42931107890,672241,2025-03-03,0.0
42931108114,672241,2024-11-25,0.0
42931108114,672241,2024-12-02,0.0
42931108114,672241,2024-12-09,0.0
42931108114,672241,2024-12-16,0.0
42931108114,672241,2024-12-23,0.0
42931108114,672241,2024-12-30,0.0
42931108114,672241,2025-01-06,0.0
42931108114,672241,2025-01-13,0.0
42931108114,672241,2025-01-20,0.0
42931108114,672241,2025-01-27,0.0
42931108114,672241,2025-02-03,0.0
42931108114,672241,2025-02-10,0.0
42931108114,672241,2025-02-17,0.0
42931108114,672241,2025-02-24,0.0
42931108114,672241,2025-03-03,0.0
42931108441,672241,2024-11-25,0.11342536211688108
42931108441,672241,2024-12-02,0.11359180998891119
42931108441,672241,2024-12-09,0.11375565584036267
42931108441,672241,2024-12-16,0.11390621425378847
42931108441,672241,2024-12-23,0.11404512094954732
42931108441,672241,2024-12-30,0.11417385079873342
42931108441,672241,2025-01-06,0.11429374654919684
42931108441,672241,2025-01-13,0.11440607668751009
42931108441,672241,2025-01-20,0.1145119636524872
42931108441,672241,2025-01-27,0.11461249921320854
42931108441,672241,2025-02-03,0.11470863171185208
42931108441,672241,2025-02-10,0.11479506039649562
42931108441,672241,2025-02-17,0.11487671140939237
42931108441,672241,2025-02-24,0.11495846501843425
42931108441,672241,2025-03-03,0.11503481575727117
42931108792,672241,2024-11-25,0.0
42931108792,672241,2024-12-02,0.0
42931108792,672241,2024-12-09,0.0
42931108792,672241,2024-12-16,0.0
42931108792,672241,2024-12-23,0.0
42931108792,672241,2024-12-30,0.0
42931108792,672241,2025-01-06,0.0
42931108792,672241,2025-01-13,0.0
42931108792,672241,2025-01-20,0.0
42931108792,672241,2025-01-27,0.0
42931108792,672241,2025-02-03,0.0
42931108792,672241,2025-02-10,0.0
42931108792,672241,2025-02-17,0.0
42931108792,672241,2025-02-24,0.0
42931108792,672241,2025-03-03,0.0
42997339136,672241,2024-11-25,0.3428420949339009
42997339136,672241,2024-12-02,0.35318052156728774
42997339136,672241,2024-12-09,0.36339583638891254
42997339136,672241,2024-12-16,0.373487185639082
42997339136,672241,2024-12-23,0.38345364048124125
42997339136,672241,2024-12-30,0.3932949714682865
42997339136,672241,2025-01-06,0.40300970269215514
42997339136,672241,2025-01-13,0.412596397017121
42997339136,672241,2025-01-20,0.4220557762426628
42997339136,672241,2025-01-27,0.43138657651899
42997339136,672241,2025-02-03,0.4405891142331192
42997339136,672241,2025-02-10,0.4496625181906014
42997339136,672241,2025-02-17,0.45860525849719214
42997339136,672241,2025-02-24,0.4674185368100309
42997339136,672241,2025-03-03,0.476102324231542
42997343957,672241,2024-11-25,-2.4029484399452905e-05
42997343957,672241,2024-12-02,-3.238276479477359e-05
42997343957,672241,2024-12-09,-4.735782087349205e-05
42997343957,672241,2024-12-16,-6.569502346004397e-05
42997343957,672241,2024-12-23,-8.478621079090892e-05
42997343957,672241,2024-12-30,-9.27927004467366e-05
42997343957,672241,2025-01-06,-8.516932991878279e-05
42997343957,672241,2025-01-13,-6.726178392076759e-05
42997343957,672241,2025-01-20,-4.436320822152895e-05
42997343957,672241,2025-01-27,-2.278713462906118e-05
42997343957,672241,2025-02-03,2.3519192581811232e-06
42997343957,672241,2025-02-10,2.8798989465769753e-05
42997343957,672241,2025-02-17,5.34313603808359e-05
42997343957,672241,2025-02-24,7.028614031710789e-05
42997343957,672241,2025-03-03,8.215429476284009e-05
42997346034,672241,2024-11-25,0.2268896487202072
42997346034,672241,2024-12-02,0.2268961724394714
42997346034,672241,2024-12-09,0.22690210952770778
42997346034,672241,2024-12-16,0.22690732344434983
42997346034,672241,2024-12-23,0.22691263132420975
42997346034,672241,2024-12-30,0.22691752271120827
42997346034,672241,2025-01-06,0.22692235040860292
42997346034,672241,2025-01-13,0.2269273560839189
42997346034,672241,2025-01-20,0.22693162673046857
42997346034,672241,2025-01-27,0.22693752034113332
42997346034,672241,2025-02-03,0.2269435900720752
42997346034,672241,2025-02-10,0.22694930996866114
42997346034,672241,2025-02-17,0.22695551246596324
42997346034,672241,2025-02-24,0.22696188622462482
42997346034,672241,2025-03-03,0.2269681490461238
42997350212,672241,2024-11-25,0.08493991751256565
42997350212,672241,2024-12-02,0.08510504184277946
42997350212,672241,2024-12-09,0.08527758801029002
42997350212,672241,2024-12-16,0.08544156306275763
42997350212,672241,2024-12-23,0.08559133767020587
42997350212,672241,2024-12-30,0.08574815451520015
42997350212,672241,2025-01-06,0.08590633353861873
42997350212,672241,2025-01-13,0.08604981022092148
42997350212,672241,2025-01-20,0.08617924593290702
42997350212,672241,2025-01-27,0.0862950796816247
42997350212,672241,2025-02-03,0.08639778629351462
42997350212,672241,2025-02-10,0.08648774355403437
42997350212,672241,2025-02-17,0.08656527568415395
42997350212,672241,2025-02-24,0.08663058230859065
42997350212,672241,2025-03-03,0.0866840047869516
42997353572,672241,2024-11-25,0.0
42997353572,672241,2024-12-02,0.0
42997353572,672241,2024-12-09,0.0
42997353572,672241,2024-12-16,0.0
42997353572,672241,2024-12-23,0.0
42997353572,672241,2024-12-30,0.0
42997353572,672241,2025-01-06,0.0
42997353572,672241,2025-01-13,0.0
42997353572,672241,2025-01-20,0.0
42997353572,672241,2025-01-27,0.0
42997353572,672241,2025-02-03,0.0
42997353572,672241,2025-02-10,0.0
42997353572,672241,2025-02-17,0.0
42997353572,672241,2025-02-24,0.0
42997353572,672241,2025-03-03,0.0
42997355673,672241,2024-11-25,0.08653747586772355
42997355673,672241,2024-12-02,0.08653726865729312
42997355673,672241,2024-12-09,0.08653708098272458
42997355673,672241,2024-12-16,0.08653692185293886
42997355673,672241,2024-12-23,0.08653678065819069
42997355673,672241,2024-12-30,0.0865366477267566
42997355673,672241,2025-01-06,0.0865365426297034
42997355673,672241,2025-01-13,0.08653646925451977
42997355673,672241,2025-01-20,0.08653637691862115
42997355673,672241,2025-01-27,0.0865363112437044
42997355673,672241,2025-02-03,0.08653627904942507
42997355673,672241,2025-02-10,0.08653626380306251
42997355673,672241,2025-02-17,0.08653622916973709
42997355673,672241,2025-02-24,0.08653617789566986
42997355673,672241,2025-03-03,0.08653615735128829
42997357738,672241,2024-11-25,0.0473457560990688
42997357738,672241,2024-12-02,0.05009772967268537
42997357738,672241,2024-12-09,0.05282316889324222
42997357738,672241,2024-12-16,0.05552180997895347
42997357738,672241,2024-12-23,0.05819339059750166
42997357738,672241,2024-12-30,0.06083778415471874
42997357738,672241,2025-01-06,0.06345486557225538
42997357738,672241,2025-01-13,0.06604463018881265
42997357738,672241,2025-01-20,0.06860698813900817
42997357738,672241,2025-01-27,0.07114195814774585
42997357738,672241,2025-02-03,0.07364953378739884
42997357738,672241,2025-02-10,0.07612974974334573
42997357738,672241,2025-02-17,0.07858261255212078
42997357738,672241,2025-02-24,0.08100819873532145
42997357738,672241,2025-03-03,0.0834064477925952
42997360431,672241,2024-11-25,1.0000081286877411
42997360431,672241,2024-12-02,1.0000265254667715
42997360431,672241,2024-12-09,1.0000386500529237
42997360431,672241,2024-12-16,1.000052132892079
42997360431,672241,2024-12-23,1.0000687082453559
42997360431,672241,2024-12-30,1.0000906545178905
42997360431,672241,2025-01-06,1.0001152812918503
42997360431,672241,2025-01-13,1.0001383921734066
42997360431,672241,2025-01-20,1.0001590274559236
42997360431,672241,2025-01-27,1.000174330296197
42997360431,672241,2025-02-03,1.000182549285073
42997360431,672241,2025-02-10,1.000186555758755
42997360431,672241,2025-02-17,1.0001869394803116
42997360431,672241,2025-02-24,1.0001825179744865
42997360431,672241,2025-03-03,1.000178276181827
42997361992,672241,2024-11-25,0.028855868617158296
42997361992,672241,2024-12-02,0.028854869366186975
42997361992,672241,2024-12-09,0.028853770323335647
42997361992,672241,2024-12-16,0.028852886932168222
42997361992,672241,2024-12-23,0.028851976471913784
42997361992,672241,2024-12-30,0.02885078371739859
42997361992,672241,2025-01-06,0.028849633259195328
42997361992,672241,2025-01-13,0.028848522463265525
42997361992,672241,2025-01-20,0.028847453333185422
42997361992,672241,2025-01-27,0.02884641185190367
42997361992,672241,2025-02-03,0.02884541210111859
42997361992,672241,2025-02-10,0.028844437970143758
42997361992,672241,2025-02-17,0.02884349668328263
42997361992,672241,2025-02-24,0.028842583491132924
42997361992,672241,2025-03-03,0.028841696056504343
42997363795,672241,2024-11-25,0.02880517772252462
42997363795,672241,2024-12-02,0.028810321951587618
42997363795,672241,2024-12-09,0.028815259849464675
42997363795,672241,2024-12-16,0.028819976603352563
42997363795,672241,2024-12-23,0.028824480528524994
42997363795,672241,2024-12-30,0.028828751072422373
42997363795,672241,2025-01-06,0.02883279322569154
42997363795,672241,2025-01-13,0.028836591166313073
42997363795,672241,2025-01-20,0.028840149273866925
42997363795,672241,2025-01-27,0.02884346384801811
42997363795,672241,2025-02-03,0.028846526918413606
42997363795,672241,2025-02-10,0.028849333765330477
42997363795,672241,2025-02-17,0.028851882924698577
42997363795,672241,2025-02-24,0.028854168325931937
42997363795,672241,2025-03-03,0.028856192476916627
42997366151,672241,2024-11-25,0.17314814909643694
42997366151,672241,2024-12-02,0.1731499574793948
42997366151,672241,2024-12-09,0.1731516892081402
42997366151,672241,2024-12-16,0.1731533405247959
42997366151,672241,2024-12-23,0.17315490636837452
42997366151,672241,2024-12-30,0.17315578472923737
42997366151,672241,2025-01-06,0.17315658687979824
42997366151,672241,2025-01-13,0.1731579388967972
42997366151,672241,2025-01-20,0.17315923220439292
42997366151,672241,2025-01-27,0.173160460029319
42997366151,672241,2025-02-03,0.1731616245768558
42997366151,672241,2025-02-10,0.1731626995493187
42997366151,672241,2025-02-17,0.17316310978543228
42997366151,672241,2025-02-24,0.17316345288011745
42997366151,672241,2025-03-03,0.17316375498015085
42997370010,672241,2024-11-25,0.3461526977013346
42997370010,672241,2024-12-02,0.34615268851954456
42997370010,672241,2024-12-09,0.3461527196429401
42997370010,672241,2024-12-16,0.3461527138479578
42997370010,672241,2024-12-23,0.3461528297572238
42997370010,672241,2024-12-30,0.34615294216070197
42997370010,672241,2025-01-06,0.34615304205364866
42997370010,672241,2025-01-13,0.3461532843728585
42997370010,672241,2025-01-20,0.34615339067793455
42997370010,672241,2025-01-27,0.3461538107252997
42997370010,672241,2025-02-03,0.3461542427154083
42997370010,672241,2025-02-10,0.3461542688212761
42997370010,672241,2025-02-17,0.3461545919523281
42997370010,672241,2025-02-24,0.34615493833775335
42997370010,672241,2025-03-03,0.3461549622481419
42997372184,672241,2024-11-25,0.30523413055503973
42997372184,672241,2024-12-02,0.305222348989357
42997372184,672241,2024-12-09,0.30522148877121014
42997372184,672241,2024-12-16,0.30522689472742415
42997372184,672241,2024-12-23,0.30523615899755396
42997372184,672241,2024-12-30,0.30524808156286704
42997372184,672241,2025-01-06,0.30526318423315796
42997372184,672241,2025-01-13,0.3052823604375977
42997372184,672241,2025-01-20,0.30530572123789
42997372184,672241,2025-01-27,0.3053339087664928
42997372184,672241,2025-02-03,0.305366495597145
42997372184,672241,2025-02-10,0.3054035179673079
42997372184,672241,2025-02-17,0.30544397762732584
42997372184,672241,2025-02-24,0.30548628060146593
42997372184,672241,2025-03-03,0.3055299550653492
42997374577,672241,2024-11-25,0.7199838781910056
42997374577,672241,2024-12-02,0.7198922141575052
42997374577,672241,2024-12-09,0.719806544565011
42997374577,672241,2024-12-16,0.7197251634060691
42997374577,672241,2024-12-23,0.7196512735452459
42997374577,672241,2024-12-30,0.7195872588517542
42997374577,672241,2025-01-06,0.7195295343983382
42997374577,672241,2025-01-13,0.7194786887801651
42997374577,672241,2025-01-20,0.7194314139351129
42997374577,672241,2025-01-27,0.7193910504057839
42997374577,672241,2025-02-03,0.7193627659122619
42997374577,672241,2025-02-10,0.7193412826176356
42997374577,672241,2025-02-17,0.7193272191284859
42997374577,672241,2025-02-24,0.7193198587956854
42997374577,672241,2025-03-03,0.7193199715529471
42997376375,672241,2024-11-25,0.945873902936551
42997376375,672241,2024-12-02,0.9458736242157474
42997376375,672241,2024-12-09,0.9458564000917516
42997376375,672241,2024-12-16,0.9458284090218595
42997376375,672241,2024-12-23,0.9457946881837274
42997376375,672241,2024-12-30,0.9457600920961382
42997376375,672241,2025-01-06,0.9457322005117239
42997376375,672241,2025-01-13,0.9457150279012614
42997376375,672241,2025-01-20,0.945719433654764
42997376375,672241,2025-01-27,0.9457350931136301
42997376375,672241,2025-02-03,0.9457631216044643
42997376375,672241,2025-02-10,0.9458087422702747
42997376375,672241,2025-02-17,0.9458612008709342
42997376375,672241,2025-02-24,0.945923735536946
42997376375,672241,2025-03-03,0.9459952837842034
42997381110,672241,2024-11-25,0.4980398950400665
42997381110,672241,2024-12-02,0.49801365814159476
42997381110,672241,2024-12-09,0.4979779334286503
42997381110,672241,2024-12-16,0.4979498564536357
42997381110,672241,2024-12-23,0.49791533780179686
42997381110,672241,2024-12-30,0.4979093954904457
42997381110,672241,2025-01-06,0.4979177610873786
42997381110,672241,2025-01-13,0.49794436767917827
42997381110,672241,2025-01-20,0.4979847246536855
42997381110,672241,2025-01-27,0.49803227775952497
42997381110,672241,2025-02-03,0.49808205711257386
42997381110,672241,2025-02-10,0.4981313892853395
42997381110,672241,2025-02-17,0.4981829259183339
42997381110,672241,2025-02-24,0.498237176828027
42997381110,672241,2025-03-03,0.4982907893930407
42997385022,672241,2024-11-25,0.0010296771418573658
42997385022,672241,2024-12-02,0.0011175275527260387
42997385022,672241,2024-12-09,0.0011903810650731317
42997385022,672241,2024-12-16,0.0012437390160904838
42997385022,672241,2024-12-23,0.0012755574614777276
42997385022,672241,2024-12-30,0.001295115590203566
42997385022,672241,2025-01-06,0.001303532670974994
42997385022,672241,2025-01-13,0.001307780116995727
42997385022,672241,2025-01-20,0.0013117814697503616
42997385022,672241,2025-01-27,0.0013156399232490679
42997385022,672241,2025-02-03,0.0013111644253355759
42997385022,672241,2025-02-10,0.001290555735892207
42997385022,672241,2025-02-17,0.0012521327984514885
42997385022,672241,2025-02-24,0.0012027781008259741
42997385022,672241,2025-03-03,0.0011587891721487886
42997389826,672241,2024-11-25,4.242898422313522
42997389826,672241,2024-12-02,4.242938719597045
42997389826,672241,2024-12-09,4.242996904972297
42997389826,672241,2024-12-16,4.243041323151356
42997389826,672241,2024-12-23,4.24305196710028
42997389826,672241,2024-12-30,4.243031242489794
42997389826,672241,2025-01-06,4.242990433263433
42997389826,672241,2025-01-13,4.242941519623579
42997389826,672241,2025-01-20,4.242890549966833
42997389826,672241,2025-01-27,4.242841451443359
42997389826,672241,2025-02-03,4.2427988081014
42997389826,672241,2025-02-10,4.24276227509774
42997389826,672241,2025-02-17,4.2427318762605015
42997389826,672241,2025-02-24,4.242707652037097
42997389826,672241,2025-03-03,4.242687292074271
42997394698,672241,2024-11-25,0.47466664707878026
42997394698,672241,2024-12-02,0.4744189798677354
42997394698,672241,2024-12-09,0.4743738341747431
42997394698,672241,2024-12-16,0.4743743418569769
42997394698,672241,2024-12-23,0.47437959509703265
42997394698,672241,2024-12-30,0.4743902074293562
42997394698,672241,2025-01-06,0.4744031440102622
42997394698,672241,2025-01-13,0.47443297139778784
42997394698,672241,2025-01-20,0.47448053935842915
42997394698,672241,2025-01-27,0.4745438979241743
42997394698,672241,2025-02-03,0.47461957480116135
42997394698,672241,2025-02-10,0.4746923018896445
42997394698,672241,2025-02-17,0.47474060990003786
42997394698,672241,2025-02-24,0.474753749019183
42997394698,672241,2025-03-03,0.4747092030524753
42997397695,672241,2024-11-25,1.9295303923476124
42997397695,672241,2024-12-02,1.9294592649329085
42997397695,672241,2024-12-09,1.9294822927089053
42997397695,672241,2024-12-16,1.9295368796580517
42997397695,672241,2024-12-23,1.9295895942876176
42997397695,672241,2024-12-30,1.9296540163417522
42997397695,672241,2025-01-06,1.9297317087551544
42997397695,672241,2025-01-13,1.9298167056978814
42997397695,672241,2025-01-20,1.9299102451115093
42997397695,672241,2025-01-27,1.929998936987059
42997397695,672241,2025-02-03,1.9300891606830417
42997397695,672241,2025-02-10,1.930170962179084
42997397695,672241,2025-02-17,1.9302159952777127
42997397695,672241,2025-02-24,1.930255883455598
42997397695,672241,2025-03-03,1.9303128764724975
42997399776,672241,2024-11-25,1.619462832030237
42997399776,672241,2024-12-02,1.619262697331182
42997399776,672241,2024-12-09,1.6192952519253858
42997399776,672241,2024-12-16,1.6194692035535718
42997399776,672241,2024-12-23,1.6197296165684414
42997399776,672241,2024-12-30,1.620021215453947
42997399776,672241,2025-01-06,1.620298784058351
42997399776,672241,2025-01-13,1.6205465962320575
42997399776,672241,2025-01-20,1.6207373001533494
42997399776,672241,2025-01-27,1.6208821365527446
42997399776,672241,2025-02-03,1.620974262767271
42997399776,672241,2025-02-10,1.6210156356894294
42997399776,672241,2025-02-17,1.6210042953497947
42997399776,672241,2025-02-24,1.6209517110157043
42997399776,672241,2025-03-03,1.6208571898357278
42997403955,672241,2024-11-25,0.4490195050966811
42997403955,672241,2024-12-02,0.4489257804557112
42997403955,672241,2024-12-09,0.4489131706921123
42997403955,672241,2024-12-16,0.4489144286321561
42997403955,672241,2024-12-23,0.44891744028681124
42997403955,672241,2024-12-30,0.44892099210893666
42997403955,672241,2025-01-06,0.4489280379249566
42997403955,672241,2025-01-13,0.44893509755604877
42997403955,672241,2025-01-20,0.4489363628787686
42997403955,672241,2025-01-27,0.4489294624322078
42997403955,672241,2025-02-03,0.4489139608349105
42997403955,672241,2025-02-10,0.4488984766348296
42997403955,672241,2025-02-17,0.448872225045652
42997403955,672241,2025-02-24,0.44883227459310854
42997403955,672241,2025-03-03,0.448801302665468
42997420495,672241,2024-11-25,2.7984244002743806
42997420495,672241,2024-12-02,2.798655250837947
42997420495,672241,2024-12-09,2.798833343227995
42997420495,672241,2024-12-16,2.7990757061376725
42997420495,672241,2024-12-23,2.799353527753656
42997420495,672241,2024-12-30,2.7996818299128985
42997420495,672241,2025-01-06,2.8000125952137807
42997420495,672241,2025-01-13,2.8002691796271195
42997420495,672241,2025-01-20,2.800462812901768
42997420495,672241,2025-01-27,2.800603400664443
42997420495,672241,2025-02-03,2.8007070408326378
42997420495,672241,2025-02-10,2.800832044617587
42997420495,672241,2025-02-17,2.8010072514274946
42997420495,672241,2025-02-24,2.801230585165043
42997420495,672241,2025-03-03,2.801506840086823
42997421911,672241,2024-11-25,5.391638098488463
42997421911,672241,2024-12-02,5.391612370010367
42997421911,672241,2024-12-09,5.391648525539989
42997421911,672241,2024-12-16,5.3916193298906006
42997421911,672241,2024-12-23,5.391591352699003
42997421911,672241,2024-12-30,5.391538601091903
42997421911,672241,2025-01-06,5.391454406495758
42997421911,672241,2025-01-13,5.391347291975101
42997421911,672241,2025-01-20,5.39121163807902
42997421911,672241,2025-01-27,5.39104398207449
42997421911,672241,2025-02-03,5.3908619158145346
42997421911,672241,2025-02-10,5.390687418707235
42997421911,672241,2025-02-17,5.390537726358384
42997421911,672241,2025-02-24,5.390418524065943
42997421911,672241,2025-03-03,5.390341892473099
42997424093,672241,2024-11-25,1.0316536244552468
42997424093,672241,2024-12-02,1.0317808932287322
42997424093,672241,2024-12-09,1.031862944780497
42997424093,672241,2024-12-16,1.0319323055286327
42997424093,672241,2024-12-23,1.0319870842738939
42997424093,672241,2024-12-30,1.032028507918005
42997424093,672241,2025-01-06,1.0320558928760875
42997424093,672241,2025-01-13,1.0320748803098314
42997424093,672241,2025-01-20,1.0320861976901208
42997424093,672241,2025-01-27,1.0320917509696947
42997424093,672241,2025-02-03,1.032099763541177
42997424093,672241,2025-02-10,1.0321073085241648
42997424093,672241,2025-02-17,1.032116361768625
42997424093,672241,2025-02-24,1.032122559676425
42997424093,672241,2025-03-03,1.0321229430997922
42997426167,672241,2024-11-25,5.596757536822094
42997426167,672241,2024-12-02,5.596855222587492
42997426167,672241,2024-12-09,5.596919451314583
42997426167,672241,2024-12-16,5.597016265397194
42997426167,672241,2024-12-23,5.597108780874632
42997426167,672241,2024-12-30,5.597213300012022
42997426167,672241,2025-01-06,5.597335079758543
42997426167,672241,2025-01-13,5.597465872584376
42997426167,672241,2025-01-20,5.597605894884142
42997426167,672241,2025-01-27,5.597751950924532
42997426167,672241,2025-02-03,5.59791279842056
42997426167,672241,2025-02-10,5.598089739662539
42997426167,672241,2025-02-17,5.598262464592383
42997426167,672241,2025-02-24,5.5983991446493295
42997426167,672241,2025-03-03,5.598487037833953
42997428553,672241,2024-11-25,4.625702747497929
42997428553,672241,2024-12-02,4.625820907310251
42997428553,672241,2024-12-09,4.6258428254417865
42997428553,672241,2024-12-16,4.625841916653336
42997428553,672241,2024-12-23,4.625842513210392
42997428553,672241,2024-12-30,4.625848930067932
42997428553,672241,2025-01-06,4.62585992869962
42997428553,672241,2025-01-13,4.625870374978735
42997428553,672241,2025-01-20,4.625877432506775
42997428553,672241,2025-01-27,4.625874679919354
42997428553,672241,2025-02-03,4.6258604241503525
42997428553,672241,2025-02-10,4.625837083107067
42997428553,672241,2025-02-17,4.625809424219809
42997428553,672241,2025-02-24,4.625777293018427
42997428553,672241,2025-03-03,4.625752824880622
42997430687,672241,2024-11-25,5.999874062627749
42997430687,672241,2024-12-02,5.999581848397295
42997430687,672241,2024-12-09,5.9994320098292055
42997430687,672241,2024-12-16,5.999281576723606
42997430687,672241,2024-12-23,5.999195023470301
42997430687,672241,2024-12-30,5.999080651463441
42997430687,672241,2025-01-06,5.99902062068702
42997430687,672241,2025-01-13,5.99905659781757
42997430687,672241,2025-01-20,5.999130158907175
42997430687,672241,2025-01-27,5.999153394419588
42997430687,672241,2025-02-03,5.9990659626602945
42997430687,672241,2025-02-10,5.998916327613545
42997430687,672241,2025-02-17,5.998802221844611
42997430687,672241,2025-02-24,5.998743733531335
42997430687,672241,2025-03-03,5.998928108830055
43159436683,672241,2024-11-25,0.09557694046529155
43159436683,672241,2024-12-02,0.09626205767118197
43159436683,672241,2024-12-09,0.09690645583686079
43159436683,672241,2024-12-16,0.09750863225404896
43159436683,672241,2024-12-23,0.09796984211880798
43159436683,672241,2024-12-30,0.09840153045747534
43159436683,672241,2025-01-06,0.09891511322550067
43159436683,672241,2025-01-13,0.09941170707534504
43159436683,672241,2025-01-20,0.0998895633617562
43159436683,672241,2025-01-27,0.10034688360918735
43159436683,672241,2025-02-03,0.10078188072098235
43159436683,672241,2025-02-10,0.1010955442225695
43159436683,672241,2025-02-17,0.10139907415652431
43159436683,672241,2025-02-24,0.10180369012554949
43159436683,672241,2025-03-03,0.10211316172010737
43159436938,672241,2024-11-25,0.0
43159436938,672241,2024-12-02,0.0
43159436938,672241,2024-12-09,0.0
43159436938,672241,2024-12-16,0.0
43159436938,672241,2024-12-23,0.0
43159436938,672241,2024-12-30,0.0
43159436938,672241,2025-01-06,0.0
43159436938,672241,2025-01-13,0.0
43159436938,672241,2025-01-20,0.0
43159436938,672241,2025-01-27,0.0
43159436938,672241,2025-02-03,0.0
43159436938,672241,2025-02-10,0.0
43159436938,672241,2025-02-17,0.0
43159436938,672241,2025-02-24,0.0
43159436938,672241,2025-03-03,0.0
43292170418,672241,2024-11-25,0.057688641066201085
43292170418,672241,2024-12-02,0.05768890387740126
43292170418,672241,2024-12-09,0.05768913263258737
43292170418,672241,2024-12-16,0.057689331687985096
43292170418,672241,2024-12-23,0.057689491128217835
43292170418,672241,2024-12-30,0.057689615326096774
43292170418,672241,2025-01-06,0.05768970185374596
43292170418,672241,2025-01-13,0.05768974579102123
43292170418,672241,2025-01-20,0.05768975449433718
43292170418,672241,2025-01-27,0.05768971911364582
43292170418,672241,2025-02-03,0.05768976084427936
43292170418,672241,2025-02-10,0.05768978106675384
43292170418,672241,2025-02-17,0.05768978779541926
43292170418,672241,2025-02-24,0.05768980957684044
43292170418,672241,2025-03-03,0.05768974009682525
43292170792,672241,2024-11-25,0.057649411937815365
43292170792,672241,2024-12-02,0.05765136199056962
43292170792,672241,2024-12-09,0.057656088368106845
43292170792,672241,2024-12-16,0.05766284554424136
43292170792,672241,2024-12-23,0.057671022602371856
43292170792,672241,2024-12-30,0.05768002699822919
43292170792,672241,2025-01-06,0.05768938553502324
43292170792,672241,2025-01-13,0.05769861906413977
43292170792,672241,2025-01-20,0.057707411313570246
43292170792,672241,2025-01-27,0.05771541649916154
43292170792,672241,2025-02-03,0.05772244333005362
43292170792,672241,2025-02-10,0.05772827510634945
43292170792,672241,2025-02-17,0.05773278892662015
43292170792,672241,2025-02-24,0.05773589852950526
43292170792,672241,2025-03-03,0.057737580377165344
43292171330,672241,2024-11-25,0.0
43292171330,672241,2024-12-02,0.0
43292171330,672241,2024-12-09,0.0
43292171330,672241,2024-12-16,0.0
43292171330,672241,2024-12-23,0.0
43292171330,672241,2024-12-30,0.0
43292171330,672241,2025-01-06,0.0
43292171330,672241,2025-01-13,0.0
43292171330,672241,2025-01-20,0.0
43292171330,672241,2025-01-27,0.0
43292171330,672241,2025-02-03,0.0
43292171330,672241,2025-02-10,0.0
43292171330,672241,2025-02-17,0.0
43292171330,672241,2025-02-24,0.0
43292171330,672241,2025-03-03,0.0
43292171668,672241,2024-11-25,0.0
43292171668,672241,2024-12-02,0.0
43292171668,672241,2024-12-09,0.0
43292171668,672241,2024-12-16,0.0
43292171668,672241,2024-12-23,0.0
43292171668,672241,2024-12-30,0.0
43292171668,672241,2025-01-06,0.0
43292171668,672241,2025-01-13,0.0
43292171668,672241,2025-01-20,0.0
43292171668,672241,2025-01-27,0.0
43292171668,672241,2025-02-03,0.0
43292171668,672241,2025-02-10,0.0
43292171668,672241,2025-02-17,0.0
43292171668,672241,2025-02-24,0.0
43292171668,672241,2025-03-03,0.0
43464179063,672241,2024-11-25,0.0
43464179063,672241,2024-12-02,0.0
43464179063,672241,2024-12-09,0.0
43464179063,672241,2024-12-16,0.0
43464179063,672241,2024-12-23,0.0
43464179063,672241,2024-12-30,0.0
43464179063,672241,2025-01-06,0.0
43464179063,672241,2025-01-13,0.0
43464179063,672241,2025-01-20,0.0
43464179063,672241,2025-01-27,0.0
43464179063,672241,2025-02-03,0.0
43464179063,672241,2025-02-10,0.0
43464179063,672241,2025-02-17,0.0
43464179063,672241,2025-02-24,0.0
43464179063,672241,2025-03-03,0.0
43583432373,672241,2024-11-25,0.0
43583432373,672241,2024-12-02,0.0
43583432373,672241,2024-12-09,0.0
43583432373,672241,2024-12-16,0.0
43583432373,672241,2024-12-23,0.0
43583432373,672241,2024-12-30,0.0
43583432373,672241,2025-01-06,0.0
43583432373,672241,2025-01-13,0.0
43583432373,672241,2025-01-20,0.0
43583432373,672241,2025-01-27,0.0
43583432373,672241,2025-02-03,0.0
43583432373,672241,2025-02-10,0.0
43583432373,672241,2025-02-17,0.0
43583432373,672241,2025-02-24,0.0
43583432373,672241,2025-03-03,0.0
43675356591,672241,2024-11-25,0.05784107389322932
43675356591,672241,2024-12-02,0.057796140114698066
43675356591,672241,2024-12-09,0.05775360988437632
43675356591,672241,2024-12-16,0.05771339518878175
43675356591,672241,2024-12-23,0.057675421738749136
43675356591,672241,2024-12-30,0.057642906016555036
43675356591,672241,2025-01-06,0.05761275099131088
43675356591,672241,2025-01-13,0.05758184709198294
43675356591,672241,2025-01-20,0.05755341591775305
43675356591,672241,2025-01-27,0.057527360879199546
43675356591,672241,2025-02-03,0.05750359030005977
43675356591,672241,2025-02-10,0.05748201902194561
43675356591,672241,2025-02-17,0.057462551432384844
43675356591,672241,2025-02-24,0.05744509080179818
43675356591,672241,2025-03-03,0.05743285918739714
43675357153,672241,2024-11-25,0.057629698553313034
43675357153,672241,2024-12-02,0.057654508161174324
43675357153,672241,2024-12-09,0.05767505414739034
43675357153,672241,2024-12-16,0.057691933521131764
43675357153,672241,2024-12-23,0.057705682468540666
43675357153,672241,2024-12-30,0.05771678044448788
43675357153,672241,2025-01-06,0.057725661369293066
43675357153,672241,2025-01-13,0.05773271556290682
43675357153,672241,2025-01-20,0.05773829535858782
43675357153,672241,2025-01-27,0.057742719106964144
43675357153,672241,2025-02-03,0.05774628086710811
43675357153,672241,2025-02-10,0.05774924739767058
43675357153,672241,2025-02-17,0.057751867817891156
43675357153,672241,2025-02-24,0.05775437403744294
43675357153,672241,2025-03-03,0.05775698712342661
43675357438,672241,2024-11-25,0.0
43675357438,672241,2024-12-02,0.0
43675357438,672241,2024-12-09,0.0
43675357438,672241,2024-12-16,0.0
43675357438,672241,2024-12-23,0.0
43675357438,672241,2024-12-30,0.0
43675357438,672241,2025-01-06,0.0
43675357438,672241,2025-01-13,0.0
43675357438,672241,2025-01-20,0.0
43675357438,672241,2025-01-27,0.0
43675357438,672241,2025-02-03,0.0
43675357438,672241,2025-02-10,0.0
43675357438,672241,2025-02-17,0.0
43675357438,672241,2025-02-24,0.0
43675357438,672241,2025-03-03,0.0
43675357762,672241,2024-11-25,3.964385432014638
43675357762,672241,2024-12-02,3.9643761504950787
43675357762,672241,2024-12-09,3.964208806244784
43675357762,672241,2024-12-16,3.9641614748336296
43675357762,672241,2024-12-23,3.964172407300442
43675357762,672241,2024-12-30,3.9641044224405633
43675357762,672241,2025-01-06,3.9639934032776614
43675357762,672241,2025-01-13,3.9638758767323963
43675357762,672241,2025-01-20,3.963755911781671
43675357762,672241,2025-01-27,3.9636391552683157
43675357762,672241,2025-02-03,3.963540493165981
43675357762,672241,2025-02-10,3.9634742185853242
43675357762,672241,2025-02-17,3.963446060471852
43675357762,672241,2025-02-24,3.963453834508341
43675357762,672241,2025-03-03,3.9634904781757205
43675358311,672241,2024-11-25,0.15936882650076867
43675358311,672241,2024-12-02,0.1670905005384655
43675358311,672241,2024-12-09,0.17473539933461696
43675358311,672241,2024-12-16,0.18230224702677703
43675358311,672241,2024-12-23,0.18978990242909888
43675358311,672241,2024-12-30,0.19719728476812762
43675358311,672241,2025-01-06,0.20452344240265402
43675358311,672241,2025-01-13,0.2117675439987285
43675358311,672241,2025-01-20,0.21892884236889104
43675358311,672241,2025-01-27,0.22600672686343387
43675358311,672241,2025-02-03,0.23300047675849966
43675358311,672241,2025-02-10,0.2399096958083783
43675358311,672241,2025-02-17,0.246733915777338
43675358311,672241,2025-02-24,0.25347275342334274
43675358311,672241,2025-03-03,0.26012586102550106
43675358612,672241,2024-11-25,1.251932240517628
43675358612,672241,2024-12-02,1.297974302332417
43675358612,672241,2024-12-09,1.3436503241563873
43675358612,672241,2024-12-16,1.3889610871650653
43675358612,672241,2024-12-23,1.4339068631714336
43675358612,672241,2024-12-30,1.478487730453145
43675358612,672241,2025-01-06,1.5227035052899556
43675358612,672241,2025-01-13,1.5665539202521814
43675358612,672241,2025-01-20,1.6100386652849155
43675358612,672241,2025-01-27,1.6531575209948595
43675358612,672241,2025-02-03,1.6959102471804297
43675358612,672241,2025-02-10,1.738296667159831
43675358612,672241,2025-02-17,1.7803166980493506
43675358612,672241,2025-02-24,1.8219702628941934
43675358612,672241,2025-03-03,1.8632583301376853
43675358930,672241,2024-11-25,0.03982139913856507
43675358930,672241,2024-12-02,0.041757126972115866
43675358930,672241,2024-12-09,0.043674433579330686
43675358930,672241,2024-12-16,0.045572475758873916
43675358930,672241,2024-12-23,0.04745054240805297
43675358930,672241,2024-12-30,0.04930806782290194
43675358930,672241,2025-01-06,0.051144591578716
43675358930,672241,2025-01-13,0.052959772538592395
43675358930,672241,2025-01-20,0.054753363252065375
43675358930,672241,2025-01-27,0.056525202045723436
43675358930,672241,2025-02-03,0.05827519409935715
43675358930,672241,2025-02-10,0.060003299767798036
43675358930,672241,2025-02-17,0.06170952983548535
43675358930,672241,2025-02-24,0.06339391656661296
43675358930,672241,2025-03-03,0.06505652668268648
43675359537,672241,2024-11-25,2.5581365219466092
43675359537,672241,2024-12-02,2.6826882448599427
43675359537,672241,2024-12-09,2.8061771738329018
43675359537,672241,2024-12-16,2.9286020395075254
43675359537,672241,2024-12-23,3.0499626786095173
43675359537,672241,2024-12-30,3.1702589534187835
43675359537,672241,2025-01-06,3.2894925929752765
43675359537,672241,2025-01-13,3.407664112856752
43675359537,672241,2025-01-20,3.5247752822214506
43675359537,672241,2025-01-27,3.6408275539912016
43675359537,672241,2025-02-03,3.755821887671097
43675359537,672241,2025-02-10,3.8697593492815763
43675359537,672241,2025-02-17,3.9826435537972578
43675359537,672241,2025-02-24,4.0944736168923335
43675359537,672241,2025-03-03,4.205246457233272
43904595253,672241,2024-11-25,0.09323979757909584
43904595253,672241,2024-12-02,0.09327516787951112
43904595253,672241,2024-12-09,0.09332742934645166
43904595253,672241,2024-12-16,0.09338875361751103
43904595253,672241,2024-12-23,0.09345291001757583
43904595253,672241,2024-12-30,0.09351073139266425
43904595253,672241,2025-01-06,0.09355546288398991
43904595253,672241,2025-01-13,0.09358351445884805
43904595253,672241,2025-01-20,0.0935957901487035
43904595253,672241,2025-01-27,0.0935883840035821
43904595253,672241,2025-02-03,0.09357079970335852
43904595253,672241,2025-02-10,0.09353577869647506
43904595253,672241,2025-02-17,0.09349349821073955
43904595253,672241,2025-02-24,0.09345756827665469
43904595253,672241,2025-03-03,0.09341804918480856
43904694832,672241,2024-11-25,8.041665436164802e-06
43904694832,672241,2024-12-02,-3.685737699010705e-05
43904694832,672241,2024-12-09,-6.434896093865383e-06
43904694832,672241,2024-12-16,6.729413277506424e-05
43904694832,672241,2024-12-23,0.00015238719358645625
43904694832,672241,2024-12-30,0.00022753679560488793
43904694832,672241,2025-01-06,0.0002492672163623144
43904694832,672241,2025-01-13,0.00024452190410911845
43904694832,672241,2025-01-20,0.00025619946569277463
43904694832,672241,2025-01-27,0.0002705960684069031
43904694832,672241,2025-02-03,0.0002530786155223175
43904694832,672241,2025-02-10,0.0002192431195021105
43904694832,672241,2025-02-17,0.00011406549355202911
43904694832,672241,2025-02-24,5.541516130330715e-05
43904694832,672241,2025-03-03,-1.6408281460766894e-06
43913912032,672241,2024-11-25,1.3776628041799188e-05
43913912032,672241,2024-12-02,2.134774535263173e-06
43913912032,672241,2024-12-09,-3.4268547806359795e-06
43913912032,672241,2024-12-16,5.0038070554467295e-06
43913912032,672241,2024-12-23,9.663146038667303e-06
43913912032,672241,2024-12-30,1.7732795114272504e-05
43913912032,672241,2025-01-06,2.423833718867563e-05
43913912032,672241,2025-01-13,2.567462700631823e-05
43913912032,672241,2025-01-20,2.4554732192288986e-05
43913912032,672241,2025-01-27,1.3948826218204702e-05
43913912032,672241,2025-02-03,2.93456080102672e-07
43913912032,672241,2025-02-10,-1.2393492863679856e-05
43913912032,672241,2025-02-17,-2.714582544600941e-05
43913912032,672241,2025-02-24,-4.551891987730067e-05
43913912032,672241,2025-03-03,-7.05390268956052e-05
43965614940,672241,2024-11-25,0.02880517772252462
43965614940,672241,2024-12-02,0.028810321951587618
43965614940,672241,2024-12-09,0.028815259849464675
43965614940,672241,2024-12-16,0.028819976603352563
43965614940,672241,2024-12-23,0.028824480528524994
43965614940,672241,2024-12-30,0.028828751072422373
43965614940,672241,2025-01-06,0.02883279322569154
43965614940,672241,2025-01-13,0.028836591166313073
43965614940,672241,2025-01-20,0.028840149273866925
43965614940,672241,2025-01-27,0.02884346384801811
43965614940,672241,2025-02-03,0.028846526918413606
43965614940,672241,2025-02-10,0.028849333765330477
43965614940,672241,2025-02-17,0.028851882924698577
43965614940,672241,2025-02-24,0.028854168325931937
43965614940,672241,2025-03-03,0.028856192476916627
43987972199,672241,2024-11-25,0.06138860503626625
43987972199,672241,2024-12-02,0.06135245634551034
43987972199,672241,2024-12-09,0.0613000551287044
43987972199,672241,2024-12-16,0.061283220988556875
43987972199,672241,2024-12-23,0.061280099464127546
43987972199,672241,2024-12-30,0.06128053069041284
43987972199,672241,2025-01-06,0.06127424966734912
43987972199,672241,2025-01-13,0.061275347957095216
43987972199,672241,2025-01-20,0.061308027786242
43987972199,672241,2025-01-27,0.0613540634588034
43987972199,672241,2025-02-03,0.06139635547060779
43987972199,672241,2025-02-10,0.06146424938633138
43987972199,672241,2025-02-17,0.061556915376250354
43987972199,672241,2025-02-24,0.061661796555155524
43987972199,672241,2025-03-03,0.0617894839860757
43990125856,672241,2024-11-25,-0.00010493153465052085
43990125856,672241,2024-12-02,-0.00013328479394081327
43990125856,672241,2024-12-09,-0.00013061565260805152
43990125856,672241,2024-12-16,-9.157137003401594e-05
43990125856,672241,2024-12-23,-3.463112567486659e-05
43990125856,672241,2024-12-30,1.7089336988768133e-05
43990125856,672241,2025-01-06,4.3599725308984816e-05
43990125856,672241,2025-01-13,3.955529815144465e-05
43990125856,672241,2025-01-20,2.3015720800628747e-05
43990125856,672241,2025-01-27,1.301190883634673e-05
43990125856,672241,2025-02-03,2.1988030085767774e-05
43990125856,672241,2025-02-10,5.009505430142447e-05
43990125856,672241,2025-02-17,8.155680784840968e-05
43990125856,672241,2025-02-24,0.00011869038544984334
43990125856,672241,2025-03-03,0.00015449459319630265
43992266349,672241,2024-11-25,0.8938092423915165
43992266349,672241,2024-12-02,0.893691823325022
43992266349,672241,2024-12-09,0.8936616840734126
43992266349,672241,2024-12-16,0.8936478117457426
43992266349,672241,2024-12-23,0.8936214031562831
43992266349,672241,2024-12-30,0.8935791392558101
43992266349,672241,2025-01-06,0.893528564177907
43992266349,672241,2025-01-13,0.8934806610096067
43992266349,672241,2025-01-20,0.8934436676331249
43992266349,672241,2025-01-27,0.8934220226945339
43992266349,672241,2025-02-03,0.8934219406868698
43992266349,672241,2025-02-10,0.8934409739235339
43992266349,672241,2025-02-17,0.8934647213585452
43992266349,672241,2025-02-24,0.89349280103079
43992266349,672241,2025-03-03,0.8935250620343851
44126860168,672241,2024-11-25,1.0001221252134542
44126860168,672241,2024-12-02,1.0000697355953332
44126860168,672241,2024-12-09,1.000027557599661
44126860168,672241,2024-12-16,0.999959152487615
44126860168,672241,2024-12-23,0.9998813279326179
44126860168,672241,2024-12-30,0.9998299542334305
44126860168,672241,2025-01-06,0.9997960160359014
44126860168,672241,2025-01-13,0.9997298841028049
44126860168,672241,2025-01-20,0.9996376903304466
44126860168,672241,2025-01-27,0.9995367000787385
44126860168,672241,2025-02-03,0.9994336486244363
44126860168,672241,2025-02-10,0.9993484892290919
44126860168,672241,2025-02-17,0.9992758883912145
44126860168,672241,2025-02-24,0.9992138828034177
44126860168,672241,2025-03-03,0.9992106341692754
44183603616,672241,2024-11-25,0.2574076811171974
44183603616,672241,2024-12-02,0.2705165047021359
44183603616,672241,2024-12-09,0.28352065859205644
44183603616,672241,2024-12-16,0.29642000644481187
44183603616,672241,2024-12-23,0.30921450507636855
44183603616,672241,2024-12-30,0.3219041706034741
44183603616,672241,2025-01-06,0.3344890331503976
44183603616,672241,2025-01-13,0.34696914712545796
44183603616,672241,2025-01-20,0.35934459261063306
44183603616,672241,2025-01-27,0.3716154182588449
44183603616,672241,2025-02-03,0.38378167387050277
44183603616,672241,2025-02-10,0.39584337186257335
44183603616,672241,2025-02-17,0.4078005135978082
44183603616,672241,2025-02-24,0.41965304886918464
44183603616,672241,2025-03-03,0.4314009652082604
44255064283,672241,2024-11-25,0.028846271389482748
44255064283,672241,2024-12-02,0.028846061115258628
44255064283,672241,2024-12-09,0.028846206344468762
44255064283,672241,2024-12-16,0.02884661333567365
44255064283,672241,2024-12-23,0.028847186144620892
44255064283,672241,2024-12-30,0.028847852891795187
44255064283,672241,2025-01-06,0.028848542204864852
44255064283,672241,2025-01-13,0.028849202270588507
44255064283,672241,2025-01-20,0.028849788218083584
44255064283,672241,2025-01-27,0.028850263164290412
44255064283,672241,2025-02-03,0.028850606177582158
44255064283,672241,2025-02-10,0.028850795236487974
44255064283,672241,2025-02-17,0.028850824993205723
44255064283,672241,2025-02-24,0.028850692987070405
44255064283,672241,2025-03-03,0.028850395123093273
44255064557,672241,2024-11-25,0.057733846570949515
44255064557,672241,2024-12-02,0.057708508870568234
44255064557,672241,2024-12-09,0.0576882347467671
44255064557,672241,2024-12-16,0.05767249685589331
44255064557,672241,2024-12-23,0.05766066973984078
44255064557,672241,2024-12-30,0.057652257988178045
44255064557,672241,2025-01-06,0.057646707508509504
44255064557,672241,2025-01-13,0.05764353716517444
44255064557,672241,2025-01-20,0.057642222589690054
44255064557,672241,2025-01-27,0.05764232664447714
44255064557,672241,2025-02-03,0.05764341500854963
44255064557,672241,2025-02-10,0.05764668934183203
44255064557,672241,2025-02-17,0.05765079655242087
44255064557,672241,2025-02-24,0.05765448986882614
44255064557,672241,2025-03-03,0.05765906315247526
44255064844,672241,2024-11-25,0.9979467915374224
44255064844,672241,2024-12-02,0.9972399839112204
44255064844,672241,2024-12-09,0.9967414426315915
44255064844,672241,2024-12-16,0.9963736638629215
44255064844,672241,2024-12-23,0.9960746840315065
44255064844,672241,2024-12-30,0.9958342808936661
44255064844,672241,2025-01-06,0.995672332612827
44255064844,672241,2025-01-13,0.9956015064465682
44255064844,672241,2025-01-20,0.995819884991849
44255064844,672241,2025-01-27,0.9962401620075608
44255064844,672241,2025-02-03,0.9968020440262314
44255064844,672241,2025-02-10,0.9973242416220814
44255064844,672241,2025-02-17,0.997770517217919
44255064844,672241,2025-02-24,0.9979203089350897
44255064844,672241,2025-03-03,0.9979467670157337
44255065129,672241,2024-11-25,0.0
44255065129,672241,2024-12-02,0.0
44255065129,672241,2024-12-09,0.0
44255065129,672241,2024-12-16,0.0
44255065129,672241,2024-12-23,0.0
44255065129,672241,2024-12-30,0.0
44255065129,672241,2025-01-06,0.0
44255065129,672241,2025-01-13,0.0
44255065129,672241,2025-01-20,0.0
44255065129,672241,2025-01-27,0.0
44255065129,672241,2025-02-03,0.0
44255065129,672241,2025-02-10,0.0
44255065129,672241,2025-02-17,0.0
44255065129,672241,2025-02-24,0.0
44255065129,672241,2025-03-03,0.0
44255065493,672241,2024-11-25,0.17032662387136072
44255065493,672241,2024-12-02,0.1703719660343377
44255065493,672241,2024-12-09,0.17040188184151786
44255065493,672241,2024-12-16,0.1704162342204985
44255065493,672241,2024-12-23,0.17041817128406045
44255065493,672241,2024-12-30,0.17041164609400994
44255065493,672241,2025-01-06,0.17040095294034413
44255065493,672241,2025-01-13,0.17038960007946197
44255065493,672241,2025-01-20,0.1703803150016856
44255065493,672241,2025-01-27,0.17035874345070107
44255065493,672241,2025-02-03,0.17034192787912872
44255065493,672241,2025-02-10,0.17034646903464715
44255065493,672241,2025-02-17,0.17034997845576166
44255065493,672241,2025-02-24,0.17035141933641795
44255065493,672241,2025-03-03,0.1703496139755058
44255065774,672241,2024-11-25,0.0
44255065774,672241,2024-12-02,0.0
44255065774,672241,2024-12-09,0.0
44255065774,672241,2024-12-16,0.0
44255065774,672241,2024-12-23,0.0
44255065774,672241,2024-12-30,0.0
44255065774,672241,2025-01-06,0.0
44255065774,672241,2025-01-13,0.0
44255065774,672241,2025-01-20,0.0
44255065774,672241,2025-01-27,0.0
44255065774,672241,2025-02-03,0.0
44255065774,672241,2025-02-10,0.0
44255065774,672241,2025-02-17,0.0
44255065774,672241,2025-02-24,0.0
44255065774,672241,2025-03-03,0.0
44400044666,672241,2024-11-25,1.608371563414775
44400044666,672241,2024-12-02,1.6083138498127503
44400044666,672241,2024-12-09,1.6082617741371332
44400044666,672241,2024-12-16,1.608228327009546
44400044666,672241,2024-12-23,1.6082172481546682
44400044666,672241,2024-12-30,1.6082207110112807
44400044666,672241,2025-01-06,1.6082268366624028
44400044666,672241,2025-01-13,1.6082260208653765
44400044666,672241,2025-01-20,1.608212869879755
44400044666,672241,2025-01-27,1.6081884425846185
44400044666,672241,2025-02-03,1.6081568650003526
44400044666,672241,2025-02-10,1.608122493334035
44400044666,672241,2025-02-17,1.6080910198023564
44400044666,672241,2025-02-24,1.6080662984528886
44400044666,672241,2025-03-03,1.6080481522052668
44400044979,672241,2024-11-25,3.0000379851267427
44400044979,672241,2024-12-02,3.0000448848416084
44400044979,672241,2024-12-09,3.000078427515889
44400044979,672241,2024-12-16,3.0001190972837515
44400044979,672241,2024-12-23,3.0001313353691037
44400044979,672241,2024-12-30,3.000103136370657
44400044979,672241,2025-01-06,3.0000548549882518
44400044979,672241,2025-01-13,3.000034313314811
44400044979,672241,2025-01-20,3.0000637970742483
44400044979,672241,2025-01-27,3.000138395126362
44400044979,672241,2025-02-03,3.0002394278860045
44400044979,672241,2025-02-10,3.0003305975133188
44400044979,672241,2025-02-17,3.0003853334258244
44400044979,672241,2025-02-24,3.0003996338931116
44400044979,672241,2025-03-03,3.000397361576485
44400045247,672241,2024-11-25,1.9999157685909101
44400045247,672241,2024-12-02,1.9998858572154115
44400045247,672241,2024-12-09,1.9999007036011507
44400045247,672241,2024-12-16,1.9999166562762611
44400045247,672241,2024-12-23,1.9999097321551278
44400045247,672241,2024-12-30,1.9998989645715908
44400045247,672241,2025-01-06,1.9998359297332347
44400045247,672241,2025-01-13,1.9997586216651646
44400045247,672241,2025-01-20,1.9995824049685083
44400045247,672241,2025-01-27,1.999448717325723
44400045247,672241,2025-02-03,1.9992568246035938
44400045247,672241,2025-02-10,1.9991759642831686
44400045247,672241,2025-02-17,1.999083224290752
44400045247,672241,2025-02-24,1.9991778778570306
44400045247,672241,2025-03-03,1.999292006476835
44400045545,672241,2024-11-25,1.0211131027327216
44400045545,672241,2024-12-02,1.1905252961692925
44400045545,672241,2024-12-09,1.3583338954623603
44400045545,672241,2024-12-16,1.5245389703948622
44400045545,672241,2024-12-23,1.6891408407980584
44400045545,672241,2024-12-30,1.8521397781789402
44400045545,672241,2025-01-06,2.013535913816342
44400045545,672241,2025-01-13,2.1733292464803022
44400045545,672241,2025-01-20,2.3315196719609133
44400045545,672241,2025-01-27,2.4881070645469334
44400045545,672241,2025-02-03,2.643091360225045
44400045545,672241,2025-02-10,2.7964725552188305
44400045545,672241,2025-02-17,2.948250687191721
44400045545,672241,2025-02-24,3.0984258580484703
44400045545,672241,2025-03-03,3.246998094053203
44550710390,672241,2024-11-25,0.0
44550710390,672241,2024-12-02,0.0
44550710390,672241,2024-12-09,0.0
44550710390,672241,2024-12-16,0.0
44550710390,672241,2024-12-23,0.0
44550710390,672241,2024-12-30,0.0
44550710390,672241,2025-01-06,0.0
44550710390,672241,2025-01-13,0.0
44550710390,672241,2025-01-20,0.0
44550710390,672241,2025-01-27,0.0
44550710390,672241,2025-02-03,0.0
44550710390,672241,2025-02-10,0.0
44550710390,672241,2025-02-17,0.0
44550710390,672241,2025-02-24,0.0
44550710390,672241,2025-03-03,0.0
44754799164,672241,2024-11-25,0.14868600155429312
44754799164,672241,2024-12-02,0.14844998851754967
44754799164,672241,2024-12-09,0.14820683787414615
44754799164,672241,2024-12-16,0.1479583145456979
44754799164,672241,2024-12-23,0.14770621969480896
44754799164,672241,2024-12-30,0.14745273096145703
44754799164,672241,2025-01-06,0.14720026354253737
44754799164,672241,2025-01-13,0.14695144746903538
44754799164,672241,2025-01-20,0.1467089096890792
44754799164,672241,2025-01-27,0.146475556990394
44754799164,672241,2025-02-03,0.14625409894126945
44754799164,672241,2025-02-10,0.1460473385331641
44754799164,672241,2025-02-17,0.1458578450599652
44754799164,672241,2025-02-24,0.14568804146375183
44754799164,672241,2025-03-03,0.14554021051601046
44754802163,672241,2024-11-25,0.057718274675227915
44754802163,672241,2024-12-02,0.05765531816899811
44754802163,672241,2024-12-09,0.05762968551981911
44754802163,672241,2024-12-16,0.05763426859016979
44754802163,672241,2024-12-23,0.05766243999207006
44754802163,672241,2024-12-30,0.05770812091723432
44754802163,672241,2025-01-06,0.05776582145147939
44754802163,672241,2025-01-13,0.057830620183536116
44754802163,672241,2025-01-20,0.05789822677706505
44754802163,672241,2025-01-27,0.057964915230703615
44754802163,672241,2025-02-03,0.058027567267745814
44754802163,672241,2025-02-10,0.058083612647853354
44754802163,672241,2025-02-17,0.05813100246679492
44754802163,672241,2025-02-24,0.058168197837977664
44754802163,672241,2025-03-03,0.0581941196391095
44754804524,672241,2024-11-25,0.0
44754804524,672241,2024-12-02,0.0
44754804524,672241,2024-12-09,0.0
44754804524,672241,2024-12-16,0.0
44754804524,672241,2024-12-23,0.0
44754804524,672241,2024-12-30,0.0
44754804524,672241,2025-01-06,0.0
44754804524,672241,2025-01-13,0.0
44754804524,672241,2025-01-20,0.0
44754804524,672241,2025-01-27,0.0
44754804524,672241,2025-02-03,0.0
44754804524,672241,2025-02-10,0.0
44754804524,672241,2025-02-17,0.0
44754804524,672241,2025-02-24,0.0
44754804524,672241,2025-03-03,0.0
44754809351,672241,2024-11-25,1.4373952159605332
44754809351,672241,2024-12-02,1.6054864774078714
44754809351,672241,2024-12-09,1.7720061982706161
44754809351,672241,2024-12-16,1.9369543438861199
44754809351,672241,2024-12-23,2.1003308190290455
44754809351,672241,2024-12-30,2.2621356297760924
44754809351,672241,2025-01-06,2.4223686852659605
44754809351,672241,2025-01-13,2.581030018358675
44754809351,672241,2025-01-20,2.7381196450581324
44754809351,672241,2025-01-27,2.893637554244273
44754809351,672241,2025-02-03,3.04758370001246
44754809351,672241,2025-02-10,3.1999581802546784
44754809351,672241,2025-02-17,3.350760921066449
44754809351,672241,2025-02-24,3.499991948424698
44754809351,672241,2025-03-03,3.6476512560960708
44754812989,672241,2024-11-25,1.8023378903493537
44754812989,672241,2024-12-02,1.8023103037077255
44754812989,672241,2024-12-09,1.8023021899873828
44754812989,672241,2024-12-16,1.8022908486742013
44754812989,672241,2024-12-23,1.8022770838461266
44754812989,672241,2024-12-30,1.8022635929219475
44754812989,672241,2025-01-06,1.802251451849298
44754812989,672241,2025-01-13,1.8022409814611575
44754812989,672241,2025-01-20,1.8022324448131137
44754812989,672241,2025-01-27,1.802226589109333
44754812989,672241,2025-02-03,1.802223482135404
44754812989,672241,2025-02-10,1.8022228705947387
44754812989,672241,2025-02-17,1.8022248420118252
44754812989,672241,2025-02-24,1.8022279590239345
44754812989,672241,2025-03-03,1.8022322420762844
44754818694,672241,2024-11-25,0.1615017235143641
44754818694,672241,2024-12-02,0.16935399494509776
44754818694,672241,2024-12-09,0.1771431192219759
44754818694,672241,2024-12-16,0.18486926388290192
44754818694,672241,2024-12-23,0.1925324563897274
44754818694,672241,2024-12-30,0.20013263334527578
44754818694,672241,2025-01-06,0.20766965678818902
44754818694,672241,2025-01-13,0.21514335206938745
44754818694,672241,2025-01-20,0.22255354228692503
44754818694,672241,2025-01-27,0.22990002881042018
44754818694,672241,2025-02-03,0.23718264874011769
44754818694,672241,2025-02-10,0.24440126195512477
44754818694,672241,2025-02-17,0.2515557791017249
44754818694,672241,2025-02-24,0.2586461475582762
44754818694,672241,2025-03-03,0.26567239005284465
44860382637,672241,2024-11-25,1.0000134581141165
44860382637,672241,2024-12-02,1.0000157828066525
44860382637,672241,2024-12-09,1.0000169004650785
44860382637,672241,2024-12-16,1.0000274360034649
44860382637,672241,2024-12-23,1.0000315496414371
44860382637,672241,2024-12-30,1.0000405955363658
44860382637,672241,2025-01-06,1.0000554065451717
44860382637,672241,2025-01-13,1.000062315681737
44860382637,672241,2025-01-20,1.000050641518623
44860382637,672241,2025-01-27,1.000038944681756
44860382637,672241,2025-02-03,1.0000466334179903
44860382637,672241,2025-02-10,1.0000654371986013
44860382637,672241,2025-02-17,1.000077556753739
44860382637,672241,2025-02-24,1.0000810338037054
44860382637,672241,2025-03-03,1.0000798453802924
44860382932,672241,2024-11-25,0.0
44860382932,672241,2024-12-02,0.0
44860382932,672241,2024-12-09,0.0
44860382932,672241,2024-12-16,0.0
44860382932,672241,2024-12-23,0.0
44860382932,672241,2024-12-30,0.0
44860382932,672241,2025-01-06,0.0
44860382932,672241,2025-01-13,0.0
44860382932,672241,2025-01-20,0.0
44860382932,672241,2025-01-27,0.0
44860382932,672241,2025-02-03,0.0
44860382932,672241,2025-02-10,0.0
44860382932,672241,2025-02-17,0.0
44860382932,672241,2025-02-24,0.0
44860382932,672241,2025-03-03,0.0
44860383567,672241,2024-11-25,0.23082387490636727
44860383567,672241,2024-12-02,0.24034285716681264
44860383567,672241,2024-12-09,0.24978064178740916
44860383567,672241,2024-12-16,0.2591383166965237
44860383567,672241,2024-12-23,0.2684167001432038
44860383567,672241,2024-12-30,0.27761636881518315
44860383567,672241,2025-01-06,0.28673770368308305
44860383567,672241,2025-01-13,0.2957809157221237
44860383567,672241,2025-01-20,0.30474608584788876
44860383567,672241,2025-01-27,0.31363320908994896
44860383567,672241,2025-02-03,0.32244221961641
44860383567,672241,2025-02-10,0.33117302345491706
44860383567,672241,2025-02-17,0.33982552735770044
44860383567,672241,2025-02-24,0.3483996573321846
44860383567,672241,2025-03-03,0.3568953716158344
44860384161,672241,2024-11-25,0.0
44860384161,672241,2024-12-02,0.0
44860384161,672241,2024-12-09,0.0
44860384161,672241,2024-12-16,0.0
44860384161,672241,2024-12-23,0.0
44860384161,672241,2024-12-30,0.0
44860384161,672241,2025-01-06,0.0
44860384161,672241,2025-01-13,0.0
44860384161,672241,2025-01-20,0.0
44860384161,672241,2025-01-27,0.0
44860384161,672241,2025-02-03,0.0
44860384161,672241,2025-02-10,0.0
44860384161,672241,2025-02-17,0.0
44860384161,672241,2025-02-24,0.0
44860384161,672241,2025-03-03,0.0
44860384494,672241,2024-11-25,8.946298841950119
44860384494,672241,2024-12-02,9.720908915454885
44860384494,672241,2024-12-09,10.488175315370455
44860384494,672241,2024-12-16,11.248128212244
44860384494,672241,2024-12-23,12.00076299527732
44860384494,672241,2024-12-30,12.746074422037864
44860384494,672241,2025-01-06,13.48406129678434
44860384494,672241,2025-01-13,14.21472419951597
44860384494,672241,2025-01-20,14.938065550491768
44860384494,672241,2025-01-27,15.65408145519992
44860384494,672241,2025-02-03,16.362773205258048
44860384494,672241,2025-02-10,17.064139466305626
44860384494,672241,2025-02-17,17.758181079887894
44860384494,672241,2025-02-24,18.4448988112314
44860384494,672241,2025-03-03,19.1242904471557
44860384733,672241,2024-11-25,0.5649058435354118
44860384733,672241,2024-12-02,0.6039486594484603
44860384733,672241,2024-12-09,0.6426286661810313
44860384733,672241,2024-12-16,0.6809459166591192
44860384733,672241,2024-12-23,0.7189004812886876
44860384733,672241,2024-12-30,0.7564924219970908
44860384733,672241,2025-01-06,0.7937218092819397
44860384733,672241,2025-01-13,0.830588629829032
44860384733,672241,2025-01-20,0.8670929213545214
44860384733,672241,2025-01-27,0.9032346590357965
44860384733,672241,2025-02-03,0.9390137923780091
44860384733,672241,2025-02-10,0.9744303494782312
44860384733,672241,2025-02-17,1.0094842468578653
44860384733,672241,2025-02-24,1.0441755243329114
44860384733,672241,2025-03-03,1.07850412921855
44860385094,672241,2024-11-25,0.057358380504678494
44860385094,672241,2024-12-02,0.05737163661619245
44860385094,672241,2024-12-09,0.05738479757892124
44860385094,672241,2024-12-16,0.05739780376691226
44860385094,672241,2024-12-23,0.05741058523799983
44860385094,672241,2024-12-30,0.05742307224080314
44860385094,672241,2025-01-06,0.05743519238378536
44860385094,672241,2025-01-13,0.05744686234853953
44860385094,672241,2025-01-20,0.057458021667118477
44860385094,672241,2025-01-27,0.05746859862033541
44860385094,672241,2025-02-03,0.057478539493680786
44860385094,672241,2025-02-10,0.05748780707480361
44860385094,672241,2025-02-17,0.05749637010196638
44860385094,672241,2025-02-24,0.05750421971996614
44860385094,672241,2025-03-03,0.05751137943999496
44860385362,672241,2024-11-25,0.0
44860385362,672241,2024-12-02,0.0
44860385362,672241,2024-12-09,0.0
44860385362,672241,2024-12-16,0.0
44860385362,672241,2024-12-23,0.0
44860385362,672241,2024-12-30,0.0
44860385362,672241,2025-01-06,0.0
44860385362,672241,2025-01-13,0.0
44860385362,672241,2025-01-20,0.0
44860385362,672241,2025-01-27,0.0
44860385362,672241,2025-02-03,0.0
44860385362,672241,2025-02-10,0.0
44860385362,672241,2025-02-17,0.0
44860385362,672241,2025-02-24,0.0
44860385362,672241,2025-03-03,0.0
44860385651,672241,2024-11-25,0.028844005210028896
44860385651,672241,2024-12-02,0.02884348550828776
44860385651,672241,2024-12-09,0.028843096059342314
44860385651,672241,2024-12-16,0.028842816698216738
44860385651,672241,2024-12-23,0.028842621972117587
44860385651,672241,2024-12-30,0.028842493388760396
44860385651,672241,2025-01-06,0.02884241320681329
44860385651,672241,2025-01-13,0.028842363759943996
44860385651,672241,2025-01-20,0.028842328735526963
44860385651,672241,2025-01-27,0.02884229677869702
44860385651,672241,2025-02-03,0.028842254034339702
44860385651,672241,2025-02-10,0.028842188410532953
44860385651,672241,2025-02-17,0.02884208902874126
44860385651,672241,2025-02-24,0.028841947484482225
44860385651,672241,2025-03-03,0.028841752640478793
44860385918,672241,2024-11-25,0.0
44860385918,672241,2024-12-02,0.0
44860385918,672241,2024-12-09,0.0
44860385918,672241,2024-12-16,0.0
44860385918,672241,2024-12-23,0.0
44860385918,672241,2024-12-30,0.0
44860385918,672241,2025-01-06,0.0
44860385918,672241,2025-01-13,0.0
44860385918,672241,2025-01-20,0.0
44860385918,672241,2025-01-27,0.0
44860385918,672241,2025-02-03,0.0
44860385918,672241,2025-02-10,0.0
44860385918,672241,2025-02-17,0.0
44860385918,672241,2025-02-24,0.0
44860385918,672241,2025-03-03,0.0
44942965112,672241,2024-11-25,1.5210285950418423
44942965112,672241,2024-12-02,1.6888253912661786
44942965112,672241,2024-12-09,1.8550595803538308
44942965112,672241,2024-12-16,2.019731325302608
44942965112,672241,2024-12-23,2.182840301718314
44942965112,672241,2024-12-30,2.3443861842367375
44942965112,672241,2025-01-06,2.5043685794534443
44942965112,672241,2025-01-13,2.6627875722419834
44942965112,672241,2025-01-20,2.8196430086824837
44942965112,672241,2025-01-27,2.974934873068059
44942965112,672241,2025-02-03,3.1286632667274037
44942965112,672241,2025-02-10,3.280828113689957
44942965112,672241,2025-02-17,3.431429364802851
44942965112,672241,2025-02-24,3.580466954461945
44942965112,672241,2025-03-03,3.727940613341744
45132580164,672241,2024-11-25,1.7686461641469486
45132580164,672241,2024-12-02,1.9619180874056883
45132580164,672241,2024-12-09,2.153390603150407
45132580164,672241,2024-12-16,2.343065975307121
45132580164,672241,2024-12-23,2.5309453384732397
45132580164,672241,2024-12-30,2.7170284678601737
45132580164,672241,2025-01-06,2.901315308020248
45132580164,672241,2025-01-13,3.0838055609914483
45132580164,672241,2025-01-20,3.2644990039956983
45132580164,672241,2025-01-27,3.4433955864580708
45132580164,672241,2025-02-03,3.620495144197735
45132580164,672241,2025-02-10,3.7957977781858507
45132580164,672241,2025-02-17,3.969303525965271
45132580164,672241,2025-02-24,4.141012188686052
45132580164,672241,2025-03-03,4.310924022360147
45132656942,672241,2024-11-25,0.40182016509520646
45132656942,672241,2024-12-02,0.42052713788214485
45132656942,672241,2024-12-09,0.43907772532314215
45132656942,672241,2024-12-16,0.4574726075231591
45132656942,672241,2024-12-23,0.475712554015846
45132656942,672241,2024-12-30,0.49379824005250383
45132656942,672241,2025-01-06,0.5117304042729587
45132656942,672241,2025-01-13,0.5295095882950014
45132656942,672241,2025-01-20,0.5471363854473069
45132656942,672241,2025-01-27,0.5646112097989766
45132656942,672241,2025-02-03,0.5819344291173156
45132656942,672241,2025-02-10,0.5991063062313821
45132656942,672241,2025-02-17,0.6161270589601423
45132656942,672241,2025-02-24,0.6329968107163949
45132656942,672241,2025-03-03,0.6497155714351159
45290923710,672241,2024-11-25,0.6039365508899289
45290923710,672241,2024-12-02,0.6039351847219231
45290923710,672241,2024-12-09,0.6039367577461132
45290923710,672241,2024-12-16,0.6039362617988496
45290923710,672241,2024-12-23,0.6039343228478504
45290923710,672241,2024-12-30,0.6039325926308775
45290923710,672241,2025-01-06,0.6039320454370836
45290923710,672241,2025-01-13,0.6039328679742866
45290923710,672241,2025-01-20,0.6039344813752849
45290923710,672241,2025-01-27,0.6039358894781328
45290923710,672241,2025-02-03,0.6039362015738802
45290923710,672241,2025-02-10,0.6039347338511023
45290923710,672241,2025-02-17,0.6039311715457332
45290923710,672241,2025-02-24,0.6039257380929404
45290923710,672241,2025-03-03,0.6039192820266357
45386498618,672241,2024-11-25,0.1418045975796208
45386498618,672241,2024-12-02,0.15015545514710546
45386498618,672241,2024-12-09,0.15839221858718097
45386498618,672241,2024-12-16,0.16652218052903794
45386498618,672241,2024-12-23,0.17455174837509174
45386498618,672241,2024-12-30,0.18248646470480256
45386498618,672241,2025-01-06,0.19033101644254438
45386498618,672241,2025-01-13,0.19808928238184634
45386498618,672241,2025-01-20,0.20576433218472331
45386498618,672241,2025-01-27,0.21335848129756896
45386498618,672241,2025-02-03,0.22087339738695244
45386498618,672241,2025-02-10,0.22831009040107306
45386498618,672241,2025-02-17,0.23566911998105358
45386498618,672241,2025-02-24,0.24295053128147073
45386498618,672241,2025-03-03,0.25015396630547815
45386576968,672241,2024-11-25,0.09468541226082826
45386576968,672241,2024-12-02,0.10020381632307096
45386576968,672241,2024-12-09,0.10566495040286489
45386576968,672241,2024-12-16,0.1110692901125209
45386576968,672241,2024-12-23,0.116417294241443
45386576968,672241,2024-12-30,0.12170936800605947
45386576968,672241,2025-01-06,0.12694584964984035
45386576968,672241,2025-01-13,0.1321270569426562
45386576968,672241,2025-01-20,0.13725323283506732
45386576968,672241,2025-01-27,0.1423245967152012
45386576968,672241,2025-02-03,0.14734133039995184
45386576968,672241,2025-02-10,0.15230355511041643
45386576968,672241,2025-02-17,0.15721137865935544
45386576968,672241,2025-02-24,0.1620648779915161
45386576968,672241,2025-03-03,0.16686407861446229
45386581155,672241,2024-11-25,0.0473457560990688
45386581155,672241,2024-12-02,0.05009772967268537
45386581155,672241,2024-12-09,0.05282316889324222
45386581155,672241,2024-12-16,0.05552180997895347
45386581155,672241,2024-12-23,0.05819339059750166
45386581155,672241,2024-12-30,0.06083778415471874
45386581155,672241,2025-01-06,0.06345486557225538
45386581155,672241,2025-01-13,0.06604463018881265
45386581155,672241,2025-01-20,0.06860698813900817
45386581155,672241,2025-01-27,0.07114195814774585
45386581155,672241,2025-02-03,0.07364953378739884
45386581155,672241,2025-02-10,0.07612974974334573
45386581155,672241,2025-02-17,0.07858261255212078
45386581155,672241,2025-02-24,0.08100819873532145
45386581155,672241,2025-03-03,0.0834064477925952
45386584131,672241,2024-11-25,0.0
45386584131,672241,2024-12-02,0.0
45386584131,672241,2024-12-09,0.0
45386584131,672241,2024-12-16,0.0
45386584131,672241,2024-12-23,0.0
45386584131,672241,2024-12-30,0.0
45386584131,672241,2025-01-06,0.0
45386584131,672241,2025-01-13,0.0
45386584131,672241,2025-01-20,0.0
45386584131,672241,2025-01-27,0.0
45386584131,672241,2025-02-03,0.0
45386584131,672241,2025-02-10,0.0
45386584131,672241,2025-02-17,0.0
45386584131,672241,2025-02-24,0.0
45386584131,672241,2025-03-03,0.0
45386591373,672241,2024-11-25,0.0
45386591373,672241,2024-12-02,0.0
45386591373,672241,2024-12-09,0.0
45386591373,672241,2024-12-16,0.0
45386591373,672241,2024-12-23,0.0
45386591373,672241,2024-12-30,0.0
45386591373,672241,2025-01-06,0.0
45386591373,672241,2025-01-13,0.0
45386591373,672241,2025-01-20,0.0
45386591373,672241,2025-01-27,0.0
45386591373,672241,2025-02-03,0.0
45386591373,672241,2025-02-10,0.0
45386591373,672241,2025-02-17,0.0
45386591373,672241,2025-02-24,0.0
45386591373,672241,2025-03-03,0.0
45386601898,672241,2024-11-25,0.0
45386601898,672241,2024-12-02,0.0
45386601898,672241,2024-12-09,0.0
45386601898,672241,2024-12-16,0.0
45386601898,672241,2024-12-23,0.0
45386601898,672241,2024-12-30,0.0
45386601898,672241,2025-01-06,0.0
45386601898,672241,2025-01-13,0.0
45386601898,672241,2025-01-20,0.0
45386601898,672241,2025-01-27,0.0
45386601898,672241,2025-02-03,0.0
45386601898,672241,2025-02-10,0.0
45386601898,672241,2025-02-17,0.0
45386601898,672241,2025-02-24,0.0
45386601898,672241,2025-03-03,0.0
45386603948,672241,2024-11-25,0.0
45386603948,672241,2024-12-02,0.0
45386603948,672241,2024-12-09,0.0
45386603948,672241,2024-12-16,0.0
45386603948,672241,2024-12-23,0.0
45386603948,672241,2024-12-30,0.0
45386603948,672241,2025-01-06,0.0
45386603948,672241,2025-01-13,0.0
45386603948,672241,2025-01-20,0.0
45386603948,672241,2025-01-27,0.0
45386603948,672241,2025-02-03,0.0
45386603948,672241,2025-02-10,0.0
45386603948,672241,2025-02-17,0.0
45386603948,672241,2025-02-24,0.0
45386603948,672241,2025-03-03,0.0
45431124522,672241,2024-11-25,0.0
45431124522,672241,2024-12-02,0.0
45431124522,672241,2024-12-09,0.0
45431124522,672241,2024-12-16,0.0
45431124522,672241,2024-12-23,0.0
45431124522,672241,2024-12-30,0.0
45431124522,672241,2025-01-06,0.0
45431124522,672241,2025-01-13,0.0
45431124522,672241,2025-01-20,0.0
45431124522,672241,2025-01-27,0.0
45431124522,672241,2025-02-03,0.0
45431124522,672241,2025-02-10,0.0
45431124522,672241,2025-02-17,0.0
45431124522,672241,2025-02-24,0.0
45431124522,672241,2025-03-03,0.0
45459383935,672241,2024-11-25,0.0
45459383935,672241,2024-12-02,0.0
45459383935,672241,2024-12-09,0.0
45459383935,672241,2024-12-16,0.0
45459383935,672241,2024-12-23,0.0
45459383935,672241,2024-12-30,0.0
45459383935,672241,2025-01-06,0.0
45459383935,672241,2025-01-13,0.0
45459383935,672241,2025-01-20,0.0
45459383935,672241,2025-01-27,0.0
45459383935,672241,2025-02-03,0.0
45459383935,672241,2025-02-10,0.0
45459383935,672241,2025-02-17,0.0
45459383935,672241,2025-02-24,0.0
45459383935,672241,2025-03-03,0.0
45995668920,672241,2024-11-25,12.930789721933252
45995668920,672241,2024-12-02,14.770685120297554
45995668920,672241,2024-12-09,16.593328272542
45995668920,672241,2024-12-16,18.398724602672182
45995668920,672241,2024-12-23,20.186903952784892
45995668920,672241,2024-12-30,21.957808533787457
45995668920,672241,2025-01-06,23.71147586309663
45995668920,672241,2025-01-13,25.44791593324279
45995668920,672241,2025-01-20,27.167089176867243
45995668920,672241,2025-01-27,28.86906931343274
45995668920,672241,2025-02-03,30.553801333026367
45995668920,672241,2025-02-10,32.22130173362047
45995668920,672241,2025-02-17,33.87158180841275
45995668920,672241,2025-02-24,35.50465177089053
45995668920,672241,2025-03-03,37.120496740731525
46142524974,672241,2024-11-25,0.0
46142524974,672241,2024-12-02,0.0
46142524974,672241,2024-12-09,0.0
46142524974,672241,2024-12-16,0.0
46142524974,672241,2024-12-23,0.0
46142524974,672241,2024-12-30,0.0
46142524974,672241,2025-01-06,0.0
46142524974,672241,2025-01-13,0.0
46142524974,672241,2025-01-20,0.0
46142524974,672241,2025-01-27,0.0
46142524974,672241,2025-02-03,0.0
46142524974,672241,2025-02-10,0.0
46142524974,672241,2025-02-17,0.0
46142524974,672241,2025-02-24,0.0
46142524974,672241,2025-03-03,0.0
46303774477,672241,2024-11-25,0.0
46303774477,672241,2024-12-02,0.0
46303774477,672241,2024-12-09,0.0
46303774477,672241,2024-12-16,0.0
46303774477,672241,2024-12-23,0.0
46303774477,672241,2024-12-30,0.0
46303774477,672241,2025-01-06,0.0
46303774477,672241,2025-01-13,0.0
46303774477,672241,2025-01-20,0.0
46303774477,672241,2025-01-27,0.0
46303774477,672241,2025-02-03,0.0
46303774477,672241,2025-02-10,0.0
46303774477,672241,2025-02-17,0.0
46303774477,672241,2025-02-24,0.0
46303774477,672241,2025-03-03,0.0
46303862950,672241,2024-11-25,0.0
46303862950,672241,2024-12-02,0.0
46303862950,672241,2024-12-09,0.0
46303862950,672241,2024-12-16,0.0
46303862950,672241,2024-12-23,0.0
46303862950,672241,2024-12-30,0.0
46303862950,672241,2025-01-06,0.0
46303862950,672241,2025-01-13,0.0
46303862950,672241,2025-01-20,0.0
46303862950,672241,2025-01-27,0.0
46303862950,672241,2025-02-03,0.0
46303862950,672241,2025-02-10,0.0
46303862950,672241,2025-02-17,0.0
46303862950,672241,2025-02-24,0.0
46303862950,672241,2025-03-03,0.0
46303877432,672241,2024-11-25,0.0
46303877432,672241,2024-12-02,0.0
46303877432,672241,2024-12-09,0.0
46303877432,672241,2024-12-16,0.0
46303877432,672241,2024-12-23,0.0
46303877432,672241,2024-12-30,0.0
46303877432,672241,2025-01-06,0.0
46303877432,672241,2025-01-13,0.0
46303877432,672241,2025-01-20,0.0
46303877432,672241,2025-01-27,0.0
46303877432,672241,2025-02-03,0.0
46303877432,672241,2025-02-10,0.0
46303877432,672241,2025-02-17,0.0
46303877432,672241,2025-02-24,0.0
46303877432,672241,2025-03-03,0.0
46303948414,672241,2024-11-25,0.0
46303948414,672241,2024-12-02,0.0
46303948414,672241,2024-12-09,0.0
46303948414,672241,2024-12-16,0.0
46303948414,672241,2024-12-23,0.0
46303948414,672241,2024-12-30,0.0
46303948414,672241,2025-01-06,0.0
46303948414,672241,2025-01-13,0.0
46303948414,672241,2025-01-20,0.0
46303948414,672241,2025-01-27,0.0
46303948414,672241,2025-02-03,0.0
46303948414,672241,2025-02-10,0.0
46303948414,672241,2025-02-17,0.0
46303948414,672241,2025-02-24,0.0
46303948414,672241,2025-03-03,0.0
46308044959,672241,2024-11-25,0.0
46308044959,672241,2024-12-02,0.0
46308044959,672241,2024-12-09,0.0
46308044959,672241,2024-12-16,0.0
46308044959,672241,2024-12-23,0.0
46308044959,672241,2024-12-30,0.0
46308044959,672241,2025-01-06,0.0
46308044959,672241,2025-01-13,0.0
46308044959,672241,2025-01-20,0.0
46308044959,672241,2025-01-27,0.0
46308044959,672241,2025-02-03,0.0
46308044959,672241,2025-02-10,0.0
46308044959,672241,2025-02-17,0.0
46308044959,672241,2025-02-24,0.0
46308044959,672241,2025-03-03,0.0
46310250952,672241,2024-11-25,0.0
46310250952,672241,2024-12-02,0.0
46310250952,672241,2024-12-09,0.0
46310250952,672241,2024-12-16,0.0
46310250952,672241,2024-12-23,0.0
46310250952,672241,2024-12-30,0.0
46310250952,672241,2025-01-06,0.0
46310250952,672241,2025-01-13,0.0
46310250952,672241,2025-01-20,0.0
46310250952,672241,2025-01-27,0.0
46310250952,672241,2025-02-03,0.0
46310250952,672241,2025-02-10,0.0
46310250952,672241,2025-02-17,0.0
46310250952,672241,2025-02-24,0.0
46310250952,672241,2025-03-03,0.0
46310280482,672241,2024-11-25,0.0
46310280482,672241,2024-12-02,0.0
46310280482,672241,2024-12-09,0.0
46310280482,672241,2024-12-16,0.0
46310280482,672241,2024-12-23,0.0
46310280482,672241,2024-12-30,0.0
46310280482,672241,2025-01-06,0.0
46310280482,672241,2025-01-13,0.0
46310280482,672241,2025-01-20,0.0
46310280482,672241,2025-01-27,0.0
46310280482,672241,2025-02-03,0.0
46310280482,672241,2025-02-10,0.0
46310280482,672241,2025-02-17,0.0
46310280482,672241,2025-02-24,0.0
46310280482,672241,2025-03-03,0.0
46310291987,672241,2024-11-25,0.0
46310291987,672241,2024-12-02,0.0
46310291987,672241,2024-12-09,0.0
46310291987,672241,2024-12-16,0.0
46310291987,672241,2024-12-23,0.0
46310291987,672241,2024-12-30,0.0
46310291987,672241,2025-01-06,0.0
46310291987,672241,2025-01-13,0.0
46310291987,672241,2025-01-20,0.0
46310291987,672241,2025-01-27,0.0
46310291987,672241,2025-02-03,0.0
46310291987,672241,2025-02-10,0.0
46310291987,672241,2025-02-17,0.0
46310291987,672241,2025-02-24,0.0
46310291987,672241,2025-03-03,0.0
46310334441,672241,2024-11-25,0.0
46310334441,672241,2024-12-02,0.0
46310334441,672241,2024-12-09,0.0
46310334441,672241,2024-12-16,0.0
46310334441,672241,2024-12-23,0.0
46310334441,672241,2024-12-30,0.0
46310334441,672241,2025-01-06,0.0
46310334441,672241,2025-01-13,0.0
46310334441,672241,2025-01-20,0.0
46310334441,672241,2025-01-27,0.0
46310334441,672241,2025-02-03,0.0
46310334441,672241,2025-02-10,0.0
46310334441,672241,2025-02-17,0.0
46310334441,672241,2025-02-24,0.0
46310334441,672241,2025-03-03,0.0
46365131910,672241,2024-11-25,0.0
46365131910,672241,2024-12-02,0.0
46365131910,672241,2024-12-09,0.0
46365131910,672241,2024-12-16,0.0
46365131910,672241,2024-12-23,0.0
46365131910,672241,2024-12-30,0.0
46365131910,672241,2025-01-06,0.0
46365131910,672241,2025-01-13,0.0
46365131910,672241,2025-01-20,0.0
46365131910,672241,2025-01-27,0.0
46365131910,672241,2025-02-03,0.0
46365131910,672241,2025-02-10,0.0
46365131910,672241,2025-02-17,0.0
46365131910,672241,2025-02-24,0.0
46365131910,672241,2025-03-03,0.0
46381587960,672241,2024-11-25,0.0
46381587960,672241,2024-12-02,0.0
46381587960,672241,2024-12-09,0.0
46381587960,672241,2024-12-16,0.0
46381587960,672241,2024-12-23,0.0
46381587960,672241,2024-12-30,0.0
46381587960,672241,2025-01-06,0.0
46381587960,672241,2025-01-13,0.0
46381587960,672241,2025-01-20,0.0
46381587960,672241,2025-01-27,0.0
46381587960,672241,2025-02-03,0.0
46381587960,672241,2025-02-10,0.0
46381587960,672241,2025-02-17,0.0
46381587960,672241,2025-02-24,0.0
46381587960,672241,2025-03-03,0.0
46381594945,672241,2024-11-25,0.0
46381594945,672241,2024-12-02,0.0
46381594945,672241,2024-12-09,0.0
46381594945,672241,2024-12-16,0.0
46381594945,672241,2024-12-23,0.0
46381594945,672241,2024-12-30,0.0
46381594945,672241,2025-01-06,0.0
46381594945,672241,2025-01-13,0.0
46381594945,672241,2025-01-20,0.0
46381594945,672241,2025-01-27,0.0
46381594945,672241,2025-02-03,0.0
46381594945,672241,2025-02-10,0.0
46381594945,672241,2025-02-17,0.0
46381594945,672241,2025-02-24,0.0
46381594945,672241,2025-03-03,0.0
46381604933,672241,2024-11-25,0.0
46381604933,672241,2024-12-02,0.0
46381604933,672241,2024-12-09,0.0
46381604933,672241,2024-12-16,0.0
46381604933,672241,2024-12-23,0.0
46381604933,672241,2024-12-30,0.0
46381604933,672241,2025-01-06,0.0
46381604933,672241,2025-01-13,0.0
46381604933,672241,2025-01-20,0.0
46381604933,672241,2025-01-27,0.0
46381604933,672241,2025-02-03,0.0
46381604933,672241,2025-02-10,0.0
46381604933,672241,2025-02-17,0.0
46381604933,672241,2025-02-24,0.0
46381604933,672241,2025-03-03,0.0
46381618435,672241,2024-11-25,0.0
46381618435,672241,2024-12-02,0.0
46381618435,672241,2024-12-09,0.0
46381618435,672241,2024-12-16,0.0
46381618435,672241,2024-12-23,0.0
46381618435,672241,2024-12-30,0.0
46381618435,672241,2025-01-06,0.0
46381618435,672241,2025-01-13,0.0
46381618435,672241,2025-01-20,0.0
46381618435,672241,2025-01-27,0.0
46381618435,672241,2025-02-03,0.0
46381618435,672241,2025-02-10,0.0
46381618435,672241,2025-02-17,0.0
46381618435,672241,2025-02-24,0.0
46381618435,672241,2025-03-03,0.0
46694935963,672241,2024-11-25,0.0
46694935963,672241,2024-12-02,0.0
46694935963,672241,2024-12-09,0.0
46694935963,672241,2024-12-16,0.0
46694935963,672241,2024-12-23,0.0
46694935963,672241,2024-12-30,0.0
46694935963,672241,2025-01-06,0.0
46694935963,672241,2025-01-13,0.0
46694935963,672241,2025-01-20,0.0
46694935963,672241,2025-01-27,0.0
46694935963,672241,2025-02-03,0.0
46694935963,672241,2025-02-10,0.0
46694935963,672241,2025-02-17,0.0
46694935963,672241,2025-02-24,0.0
46694935963,672241,2025-03-03,0.0
46873197417,672241,2024-11-25,0.0
46873197417,672241,2024-12-02,0.0
46873197417,672241,2024-12-09,0.0
46873197417,672241,2024-12-16,0.0
46873197417,672241,2024-12-23,0.0
46873197417,672241,2024-12-30,0.0
46873197417,672241,2025-01-06,0.0
46873197417,672241,2025-01-13,0.0
46873197417,672241,2025-01-20,0.0
46873197417,672241,2025-01-27,0.0
46873197417,672241,2025-02-03,0.0
46873197417,672241,2025-02-10,0.0
46873197417,672241,2025-02-17,0.0
46873197417,672241,2025-02-24,0.0
46873197417,672241,2025-03-03,0.0
46874506460,672241,2024-11-25,0.0
46874506460,672241,2024-12-02,0.0
46874506460,672241,2024-12-09,0.0
46874506460,672241,2024-12-16,0.0
46874506460,672241,2024-12-23,0.0
46874506460,672241,2024-12-30,0.0
46874506460,672241,2025-01-06,0.0
46874506460,672241,2025-01-13,0.0
46874506460,672241,2025-01-20,0.0
46874506460,672241,2025-01-27,0.0
46874506460,672241,2025-02-03,0.0
46874506460,672241,2025-02-10,0.0
46874506460,672241,2025-02-17,0.0
46874506460,672241,2025-02-24,0.0
46874506460,672241,2025-03-03,0.0
46874597940,672241,2024-11-25,0.0
46874597940,672241,2024-12-02,0.0
46874597940,672241,2024-12-09,0.0
46874597940,672241,2024-12-16,0.0
46874597940,672241,2024-12-23,0.0
46874597940,672241,2024-12-30,0.0
46874597940,672241,2025-01-06,0.0
46874597940,672241,2025-01-13,0.0
46874597940,672241,2025-01-20,0.0
46874597940,672241,2025-01-27,0.0
46874597940,672241,2025-02-03,0.0
46874597940,672241,2025-02-10,0.0
46874597940,672241,2025-02-17,0.0
46874597940,672241,2025-02-24,0.0
46874597940,672241,2025-03-03,0.0
47035595969,672241,2024-11-25,0.0
47035595969,672241,2024-12-02,0.0
47035595969,672241,2024-12-09,0.0
47035595969,672241,2024-12-16,0.0
47035595969,672241,2024-12-23,0.0
47035595969,672241,2024-12-30,0.0
47035595969,672241,2025-01-06,0.0
47035595969,672241,2025-01-13,0.0
47035595969,672241,2025-01-20,0.0
47035595969,672241,2025-01-27,0.0
47035595969,672241,2025-02-03,0.0
47035595969,672241,2025-02-10,0.0
47035595969,672241,2025-02-17,0.0
47035595969,672241,2025-02-24,0.0
47035595969,672241,2025-03-03,0.0
47035596434,672241,2024-11-25,0.0
47035596434,672241,2024-12-02,0.0
47035596434,672241,2024-12-09,0.0
47035596434,672241,2024-12-16,0.0
47035596434,672241,2024-12-23,0.0
47035596434,672241,2024-12-30,0.0
47035596434,672241,2025-01-06,0.0
47035596434,672241,2025-01-13,0.0
47035596434,672241,2025-01-20,0.0
47035596434,672241,2025-01-27,0.0
47035596434,672241,2025-02-03,0.0
47035596434,672241,2025-02-10,0.0
47035596434,672241,2025-02-17,0.0
47035596434,672241,2025-02-24,0.0
47035596434,672241,2025-03-03,0.0
47035596938,672241,2024-11-25,0.0
47035596938,672241,2024-12-02,0.0
47035596938,672241,2024-12-09,0.0
47035596938,672241,2024-12-16,0.0
47035596938,672241,2024-12-23,0.0
47035596938,672241,2024-12-30,0.0
47035596938,672241,2025-01-06,0.0
47035596938,672241,2025-01-13,0.0
47035596938,672241,2025-01-20,0.0
47035596938,672241,2025-01-27,0.0
47035596938,672241,2025-02-03,0.0
47035596938,672241,2025-02-10,0.0
47035596938,672241,2025-02-17,0.0
47035596938,672241,2025-02-24,0.0
47035596938,672241,2025-03-03,0.0
47035597416,672241,2024-11-25,0.0
47035597416,672241,2024-12-02,0.0
47035597416,672241,2024-12-09,0.0
47035597416,672241,2024-12-16,0.0
47035597416,672241,2024-12-23,0.0
47035597416,672241,2024-12-30,0.0
47035597416,672241,2025-01-06,0.0
47035597416,672241,2025-01-13,0.0
47035597416,672241,2025-01-20,0.0
47035597416,672241,2025-01-27,0.0
47035597416,672241,2025-02-03,0.0
47035597416,672241,2025-02-10,0.0
47035597416,672241,2025-02-17,0.0
47035597416,672241,2025-02-24,0.0
47035597416,672241,2025-03-03,0.0
47035597915,672241,2024-11-25,0.0
47035597915,672241,2024-12-02,0.0
47035597915,672241,2024-12-09,0.0
47035597915,672241,2024-12-16,0.0
47035597915,672241,2024-12-23,0.0
47035597915,672241,2024-12-30,0.0
47035597915,672241,2025-01-06,0.0
47035597915,672241,2025-01-13,0.0
47035597915,672241,2025-01-20,0.0
47035597915,672241,2025-01-27,0.0
47035597915,672241,2025-02-03,0.0
47035597915,672241,2025-02-10,0.0
47035597915,672241,2025-02-17,0.0
47035597915,672241,2025-02-24,0.0
47035597915,672241,2025-03-03,0.0
47035598475,672241,2024-11-25,0.0
47035598475,672241,2024-12-02,0.0
47035598475,672241,2024-12-09,0.0
47035598475,672241,2024-12-16,0.0
47035598475,672241,2024-12-23,0.0
47035598475,672241,2024-12-30,0.0
47035598475,672241,2025-01-06,0.0
47035598475,672241,2025-01-13,0.0
47035598475,672241,2025-01-20,0.0
47035598475,672241,2025-01-27,0.0
47035598475,672241,2025-02-03,0.0
47035598475,672241,2025-02-10,0.0
47035598475,672241,2025-02-17,0.0
47035598475,672241,2025-02-24,0.0
47035598475,672241,2025-03-03,0.0
47035598960,672241,2024-11-25,0.0
47035598960,672241,2024-12-02,0.0
47035598960,672241,2024-12-09,0.0
47035598960,672241,2024-12-16,0.0
47035598960,672241,2024-12-23,0.0
47035598960,672241,2024-12-30,0.0
47035598960,672241,2025-01-06,0.0
47035598960,672241,2025-01-13,0.0
47035598960,672241,2025-01-20,0.0
47035598960,672241,2025-01-27,0.0
47035598960,672241,2025-02-03,0.0
47035598960,672241,2025-02-10,0.0
47035598960,672241,2025-02-17,0.0
47035598960,672241,2025-02-24,0.0
47035598960,672241,2025-03-03,0.0
47035599495,672241,2024-11-25,0.0
47035599495,672241,2024-12-02,0.0
47035599495,672241,2024-12-09,0.0
47035599495,672241,2024-12-16,0.0
47035599495,672241,2024-12-23,0.0
47035599495,672241,2024-12-30,0.0
47035599495,672241,2025-01-06,0.0
47035599495,672241,2025-01-13,0.0
47035599495,672241,2025-01-20,0.0
47035599495,672241,2025-01-27,0.0
47035599495,672241,2025-02-03,0.0
47035599495,672241,2025-02-10,0.0
47035599495,672241,2025-02-17,0.0
47035599495,672241,2025-02-24,0.0
47035599495,672241,2025-03-03,0.0
47035599949,672241,2024-11-25,0.0
47035599949,672241,2024-12-02,0.0
47035599949,672241,2024-12-09,0.0
47035599949,672241,2024-12-16,0.0
47035599949,672241,2024-12-23,0.0
47035599949,672241,2024-12-30,0.0
47035599949,672241,2025-01-06,0.0
47035599949,672241,2025-01-13,0.0
47035599949,672241,2025-01-20,0.0
47035599949,672241,2025-01-27,0.0
47035599949,672241,2025-02-03,0.0
47035599949,672241,2025-02-10,0.0
47035599949,672241,2025-02-17,0.0
47035599949,672241,2025-02-24,0.0
47035599949,672241,2025-03-03,0.0
47035600918,672241,2024-11-25,0.0
47035600918,672241,2024-12-02,0.0
47035600918,672241,2024-12-09,0.0
47035600918,672241,2024-12-16,0.0
47035600918,672241,2024-12-23,0.0
47035600918,672241,2024-12-30,0.0
47035600918,672241,2025-01-06,0.0
47035600918,672241,2025-01-13,0.0
47035600918,672241,2025-01-20,0.0
47035600918,672241,2025-01-27,0.0
47035600918,672241,2025-02-03,0.0
47035600918,672241,2025-02-10,0.0
47035600918,672241,2025-02-17,0.0
47035600918,672241,2025-02-24,0.0
47035600918,672241,2025-03-03,0.0
47035601421,672241,2024-11-25,0.0
47035601421,672241,2024-12-02,0.0
47035601421,672241,2024-12-09,0.0
47035601421,672241,2024-12-16,0.0
47035601421,672241,2024-12-23,0.0
47035601421,672241,2024-12-30,0.0
47035601421,672241,2025-01-06,0.0
47035601421,672241,2025-01-13,0.0
47035601421,672241,2025-01-20,0.0
47035601421,672241,2025-01-27,0.0
47035601421,672241,2025-02-03,0.0
47035601421,672241,2025-02-10,0.0
47035601421,672241,2025-02-17,0.0
47035601421,672241,2025-02-24,0.0
47035601421,672241,2025-03-03,0.0
47035601997,672241,2024-11-25,0.0
47035601997,672241,2024-12-02,0.0
47035601997,672241,2024-12-09,0.0
47035601997,672241,2024-12-16,0.0
47035601997,672241,2024-12-23,0.0
47035601997,672241,2024-12-30,0.0
47035601997,672241,2025-01-06,0.0
47035601997,672241,2025-01-13,0.0
47035601997,672241,2025-01-20,0.0
47035601997,672241,2025-01-27,0.0
47035601997,672241,2025-02-03,0.0
47035601997,672241,2025-02-10,0.0
47035601997,672241,2025-02-17,0.0
47035601997,672241,2025-02-24,0.0
47035601997,672241,2025-03-03,0.0
47059508492,672241,2024-11-25,0.0
47059508492,672241,2024-12-02,0.0
47059508492,672241,2024-12-09,0.0
47059508492,672241,2024-12-16,0.0
47059508492,672241,2024-12-23,0.0
47059508492,672241,2024-12-30,0.0
47059508492,672241,2025-01-06,0.0
47059508492,672241,2025-01-13,0.0
47059508492,672241,2025-01-20,0.0
47059508492,672241,2025-01-27,0.0
47059508492,672241,2025-02-03,0.0
47059508492,672241,2025-02-10,0.0
47059508492,672241,2025-02-17,0.0
47059508492,672241,2025-02-24,0.0
47059508492,672241,2025-03-03,0.0
47278389944,672241,2024-11-25,0.0
47278389944,672241,2024-12-02,0.0
47278389944,672241,2024-12-09,0.0
47278389944,672241,2024-12-16,0.0
47278389944,672241,2024-12-23,0.0
47278389944,672241,2024-12-30,0.0
47278389944,672241,2025-01-06,0.0
47278389944,672241,2025-01-13,0.0
47278389944,672241,2025-01-20,0.0
47278389944,672241,2025-01-27,0.0
47278389944,672241,2025-02-03,0.0
47278389944,672241,2025-02-10,0.0
47278389944,672241,2025-02-17,0.0
47278389944,672241,2025-02-24,0.0
47278389944,672241,2025-03-03,0.0
47556470434,672241,2024-11-25,0.0
47556470434,672241,2024-12-02,0.0
47556470434,672241,2024-12-09,0.0
47556470434,672241,2024-12-16,0.0
47556470434,672241,2024-12-23,0.0
47556470434,672241,2024-12-30,0.0
47556470434,672241,2025-01-06,0.0
47556470434,672241,2025-01-13,0.0
47556470434,672241,2025-01-20,0.0
47556470434,672241,2025-01-27,0.0
47556470434,672241,2025-02-03,0.0
47556470434,672241,2025-02-10,0.0
47556470434,672241,2025-02-17,0.0
47556470434,672241,2025-02-24,0.0
47556470434,672241,2025-03-03,0.0
47787653976,672241,2024-11-25,0.0
47787653976,672241,2024-12-02,0.0
47787653976,672241,2024-12-09,0.0
47787653976,672241,2024-12-16,0.0
47787653976,672241,2024-12-23,0.0
47787653976,672241,2024-12-30,0.0
47787653976,672241,2025-01-06,0.0
47787653976,672241,2025-01-13,0.0
47787653976,672241,2025-01-20,0.0
47787653976,672241,2025-01-27,0.0
47787653976,672241,2025-02-03,0.0
47787653976,672241,2025-02-10,0.0
47787653976,672241,2025-02-17,0.0
47787653976,672241,2025-02-24,0.0
47787653976,672241,2025-03-03,0.0
47906467455,672241,2024-11-25,0.0
47906467455,672241,2024-12-02,0.0
47906467455,672241,2024-12-09,0.0
47906467455,672241,2024-12-16,0.0
47906467455,672241,2024-12-23,0.0
47906467455,672241,2024-12-30,0.0
47906467455,672241,2025-01-06,0.0
47906467455,672241,2025-01-13,0.0
47906467455,672241,2025-01-20,0.0
47906467455,672241,2025-01-27,0.0
47906467455,672241,2025-02-03,0.0
47906467455,672241,2025-02-10,0.0
47906467455,672241,2025-02-17,0.0
47906467455,672241,2025-02-24,0.0
47906467455,672241,2025-03-03,0.0
48441796938,672241,2024-11-25,0.0
48441796938,672241,2024-12-02,0.0
48441796938,672241,2024-12-09,0.0
48441796938,672241,2024-12-16,0.0
48441796938,672241,2024-12-23,0.0
48441796938,672241,2024-12-30,0.0
48441796938,672241,2025-01-06,0.0
48441796938,672241,2025-01-13,0.0
48441796938,672241,2025-01-20,0.0
48441796938,672241,2025-01-27,0.0
48441796938,672241,2025-02-03,0.0
48441796938,672241,2025-02-10,0.0
48441796938,672241,2025-02-17,0.0
48441796938,672241,2025-02-24,0.0
48441796938,672241,2025-03-03,0.0
48443531970,672241,2024-11-25,0.0
48443531970,672241,2024-12-02,0.0
48443531970,672241,2024-12-09,0.0
48443531970,672241,2024-12-16,0.0
48443531970,672241,2024-12-23,0.0
48443531970,672241,2024-12-30,0.0
48443531970,672241,2025-01-06,0.0
48443531970,672241,2025-01-13,0.0
48443531970,672241,2025-01-20,0.0
48443531970,672241,2025-01-27,0.0
48443531970,672241,2025-02-03,0.0
48443531970,672241,2025-02-10,0.0
48443531970,672241,2025-02-17,0.0
48443531970,672241,2025-02-24,0.0
48443531970,672241,2025-03-03,0.0
48444196993,672241,2024-11-25,0.0
48444196993,672241,2024-12-02,0.0
48444196993,672241,2024-12-09,0.0
48444196993,672241,2024-12-16,0.0
48444196993,672241,2024-12-23,0.0
48444196993,672241,2024-12-30,0.0
48444196993,672241,2025-01-06,0.0
48444196993,672241,2025-01-13,0.0
48444196993,672241,2025-01-20,0.0
48444196993,672241,2025-01-27,0.0
48444196993,672241,2025-02-03,0.0
48444196993,672241,2025-02-10,0.0
48444196993,672241,2025-02-17,0.0
48444196993,672241,2025-02-24,0.0
48444196993,672241,2025-03-03,0.0
48444406916,672241,2024-11-25,0.0
48444406916,672241,2024-12-02,0.0
48444406916,672241,2024-12-09,0.0
48444406916,672241,2024-12-16,0.0
48444406916,672241,2024-12-23,0.0
48444406916,672241,2024-12-30,0.0
48444406916,672241,2025-01-06,0.0
48444406916,672241,2025-01-13,0.0
48444406916,672241,2025-01-20,0.0
48444406916,672241,2025-01-27,0.0
48444406916,672241,2025-02-03,0.0
48444406916,672241,2025-02-10,0.0
48444406916,672241,2025-02-17,0.0
48444406916,672241,2025-02-24,0.0
48444406916,672241,2025-03-03,0.0
48465290456,672241,2024-11-25,0.0
48465290456,672241,2024-12-02,0.0
48465290456,672241,2024-12-09,0.0
48465290456,672241,2024-12-16,0.0
48465290456,672241,2024-12-23,0.0
48465290456,672241,2024-12-30,0.0
48465290456,672241,2025-01-06,0.0
48465290456,672241,2025-01-13,0.0
48465290456,672241,2025-01-20,0.0
48465290456,672241,2025-01-27,0.0
48465290456,672241,2025-02-03,0.0
48465290456,672241,2025-02-10,0.0
48465290456,672241,2025-02-17,0.0
48465290456,672241,2025-02-24,0.0
48465290456,672241,2025-03-03,0.0
48468456999,672241,2024-11-25,0.0
48468456999,672241,2024-12-02,0.0
48468456999,672241,2024-12-09,0.0
48468456999,672241,2024-12-16,0.0
48468456999,672241,2024-12-23,0.0
48468456999,672241,2024-12-30,0.0
48468456999,672241,2025-01-06,0.0
48468456999,672241,2025-01-13,0.0
48468456999,672241,2025-01-20,0.0
48468456999,672241,2025-01-27,0.0
48468456999,672241,2025-02-03,0.0
48468456999,672241,2025-02-10,0.0
48468456999,672241,2025-02-17,0.0
48468456999,672241,2025-02-24,0.0
48468456999,672241,2025-03-03,0.0
48468483975,672241,2024-11-25,0.0
48468483975,672241,2024-12-02,0.0
48468483975,672241,2024-12-09,0.0
48468483975,672241,2024-12-16,0.0
48468483975,672241,2024-12-23,0.0
48468483975,672241,2024-12-30,0.0
48468483975,672241,2025-01-06,0.0
48468483975,672241,2025-01-13,0.0
48468483975,672241,2025-01-20,0.0
48468483975,672241,2025-01-27,0.0
48468483975,672241,2025-02-03,0.0
48468483975,672241,2025-02-10,0.0
48468483975,672241,2025-02-17,0.0
48468483975,672241,2025-02-24,0.0
48468483975,672241,2025-03-03,0.0
48468720437,672241,2024-11-25,0.0
48468720437,672241,2024-12-02,0.0
48468720437,672241,2024-12-09,0.0
48468720437,672241,2024-12-16,0.0
48468720437,672241,2024-12-23,0.0
48468720437,672241,2024-12-30,0.0
48468720437,672241,2025-01-06,0.0
48468720437,672241,2025-01-13,0.0
48468720437,672241,2025-01-20,0.0
48468720437,672241,2025-01-27,0.0
48468720437,672241,2025-02-03,0.0
48468720437,672241,2025-02-10,0.0
48468720437,672241,2025-02-17,0.0
48468720437,672241,2025-02-24,0.0
48468720437,672241,2025-03-03,0.0
48609636473,672241,2024-11-25,0.0
48609636473,672241,2024-12-02,0.0
48609636473,672241,2024-12-09,0.0
48609636473,672241,2024-12-16,0.0
48609636473,672241,2024-12-23,0.0
48609636473,672241,2024-12-30,0.0
48609636473,672241,2025-01-06,0.0
48609636473,672241,2025-01-13,0.0
48609636473,672241,2025-01-20,0.0
48609636473,672241,2025-01-27,0.0
48609636473,672241,2025-02-03,0.0
48609636473,672241,2025-02-10,0.0
48609636473,672241,2025-02-17,0.0
48609636473,672241,2025-02-24,0.0
48609636473,672241,2025-03-03,0.0
48609745445,672241,2024-11-25,0.0
48609745445,672241,2024-12-02,0.0
48609745445,672241,2024-12-09,0.0
48609745445,672241,2024-12-16,0.0
48609745445,672241,2024-12-23,0.0
48609745445,672241,2024-12-30,0.0
48609745445,672241,2025-01-06,0.0
48609745445,672241,2025-01-13,0.0
48609745445,672241,2025-01-20,0.0
48609745445,672241,2025-01-27,0.0
48609745445,672241,2025-02-03,0.0
48609745445,672241,2025-02-10,0.0
48609745445,672241,2025-02-17,0.0
48609745445,672241,2025-02-24,0.0
48609745445,672241,2025-03-03,0.0
48609798496,672241,2024-11-25,0.0
48609798496,672241,2024-12-02,0.0
48609798496,672241,2024-12-09,0.0
48609798496,672241,2024-12-16,0.0
48609798496,672241,2024-12-23,0.0
48609798496,672241,2024-12-30,0.0
48609798496,672241,2025-01-06,0.0
48609798496,672241,2025-01-13,0.0
48609798496,672241,2025-01-20,0.0
48609798496,672241,2025-01-27,0.0
48609798496,672241,2025-02-03,0.0
48609798496,672241,2025-02-10,0.0
48609798496,672241,2025-02-17,0.0
48609798496,672241,2025-02-24,0.0
48609798496,672241,2025-03-03,0.0
48609967412,672241,2024-11-25,0.0
48609967412,672241,2024-12-02,0.0
48609967412,672241,2024-12-09,0.0
48609967412,672241,2024-12-16,0.0
48609967412,672241,2024-12-23,0.0
48609967412,672241,2024-12-30,0.0
48609967412,672241,2025-01-06,0.0
48609967412,672241,2025-01-13,0.0
48609967412,672241,2025-01-20,0.0
48609967412,672241,2025-01-27,0.0
48609967412,672241,2025-02-03,0.0
48609967412,672241,2025-02-10,0.0
48609967412,672241,2025-02-17,0.0
48609967412,672241,2025-02-24,0.0
48609967412,672241,2025-03-03,0.0
48609984414,672241,2024-11-25,0.0
48609984414,672241,2024-12-02,0.0
48609984414,672241,2024-12-09,0.0
48609984414,672241,2024-12-16,0.0
48609984414,672241,2024-12-23,0.0
48609984414,672241,2024-12-30,0.0
48609984414,672241,2025-01-06,0.0
48609984414,672241,2025-01-13,0.0
48609984414,672241,2025-01-20,0.0
48609984414,672241,2025-01-27,0.0
48609984414,672241,2025-02-03,0.0
48609984414,672241,2025-02-10,0.0
48609984414,672241,2025-02-17,0.0
48609984414,672241,2025-02-24,0.0
48609984414,672241,2025-03-03,0.0
48788920432,672241,2024-11-25,0.0
48788920432,672241,2024-12-02,0.0
48788920432,672241,2024-12-09,0.0
48788920432,672241,2024-12-16,0.0
48788920432,672241,2024-12-23,0.0
48788920432,672241,2024-12-30,0.0
48788920432,672241,2025-01-06,0.0
48788920432,672241,2025-01-13,0.0
48788920432,672241,2025-01-20,0.0
48788920432,672241,2025-01-27,0.0
48788920432,672241,2025-02-03,0.0
48788920432,672241,2025-02-10,0.0
48788920432,672241,2025-02-17,0.0
48788920432,672241,2025-02-24,0.0
48788920432,672241,2025-03-03,0.0
48789681494,672241,2024-11-25,0.0
48789681494,672241,2024-12-02,0.0
48789681494,672241,2024-12-09,0.0
48789681494,672241,2024-12-16,0.0
48789681494,672241,2024-12-23,0.0
48789681494,672241,2024-12-30,0.0
48789681494,672241,2025-01-06,0.0
48789681494,672241,2025-01-13,0.0
48789681494,672241,2025-01-20,0.0
48789681494,672241,2025-01-27,0.0
48789681494,672241,2025-02-03,0.0
48789681494,672241,2025-02-10,0.0
48789681494,672241,2025-02-17,0.0
48789681494,672241,2025-02-24,0.0
48789681494,672241,2025-03-03,0.0
48789690935,672241,2024-11-25,0.0
48789690935,672241,2024-12-02,0.0
48789690935,672241,2024-12-09,0.0
48789690935,672241,2024-12-16,0.0
48789690935,672241,2024-12-23,0.0
48789690935,672241,2024-12-30,0.0
48789690935,672241,2025-01-06,0.0
48789690935,672241,2025-01-13,0.0
48789690935,672241,2025-01-20,0.0
48789690935,672241,2025-01-27,0.0
48789690935,672241,2025-02-03,0.0
48789690935,672241,2025-02-10,0.0
48789690935,672241,2025-02-17,0.0
48789690935,672241,2025-02-24,0.0
48789690935,672241,2025-03-03,0.0
